Date,focus_expected_inflation,Infl. 12 m suav.,Infl. meses 13-24,Infl. meses 13-24 suav.,bcb_expected_inflation,selic_target,exchange_rate,exchange_rate_var,output,output_potential,output_gap,inflation_target,interval_size,upper_limit,lower_limit,inflation_12m,ano,mes,inflation_target_next,bcb_inflation_deviation,focus_inflation_deviation
2002-01,4.83,4.84,,,,19.0,2.377931818181818,0.644678468778026,90.77394,89.92116743942952,0.8527725605704717,3.5,2.0,5.5,1.5,7.62,2002,1,8.5,,0.9133333333333334
2002-02,4.63,4.62,,,,18.75,2.4196,1.752286650928525,92.74536,90.24545460894633,2.499905391053673,3.5,,,,7.51,2002,2,8.5,,0.29666666666666663
2002-03,4.76,4.76,,,3.6,18.5,2.346645,-3.015167796329965,92.44685,90.56974835849823,1.877101641501767,3.5,,,,7.75,2002,3,8.5,-1.15,0.009999999999999787
2002-04,4.92,4.85,,,3.7333333333333334,18.5,2.3204,-1.1184052125481347,92.60693,90.89407455751375,1.7128554424862585,3.5,,,,7.98,2002,4,8.5,-1.4333333333333331,-0.2466666666666668
2002-05,4.44,4.42,,,3.8666666666666667,18.5,2.4803619047619048,6.893721115407048,92.58792,91.21847355923042,1.369446440769579,3.5,,,,7.77,2002,5,8.5,-1.7166666666666663,-1.143333333333333
2002-06,4.34,4.54,,,4.0,18.5,2.713975,9.41850843578893,92.84222,91.54299893336294,1.2992210666370596,3.5,,,,7.66,2002,6,8.5,-2.0,-1.6600000000000001
2002-07,4.83,4.7,,,4.4,18.0,2.9346347826086956,8.130501666695356,93.20652,91.86771481634236,1.338805183657641,3.5,,,,7.51,2002,7,8.5,-2.0166666666666666,-1.586666666666667
2002-08,5.27,5.22,,,4.8,18.0,3.110109090909091,5.9794257650149785,92.37076,92.19269536945366,0.17806463054634492,3.5,,,,7.46,2002,8,8.5,-2.0333333333333337,-1.5633333333333335
2002-09,5.54,5.53,,,5.2,18.0,3.3420428571428573,7.457415783636434,92.73243,92.51802508426873,0.21440491573126508,3.5,,,,7.93,2002,9,8.5,-2.05,-1.7099999999999997
2002-10,8.03,8.07,,,6.633333333333334,21.0,3.8059304347826086,13.88035993159984,93.14023,92.84378982631496,0.29644017368504194,3.5,,,,8.45,2002,10,8.5,-1.0333333333333332,0.3633333333333327
2002-11,11.01,10.74,,,8.066666666666666,22.0,3.5764000000000005,-6.030862589734087,93.02108,93.1700771154786,-0.1489971154786076,3.5,,,,10.93,2002,11,8.5,-0.016666666666666885,2.926666666666666
2002-12,12.49,12.17,,,9.5,25.0,3.6259190476190475,1.3846059618344508,92.7112,93.49697675899294,-0.7857767589929381,3.5,,,,12.53,2002,12,8.5,1.0,3.99
2003-01,11.58,11.08,,,8.566666666666666,25.5,3.4383545454545454,-5.172881680512587,93.05868,93.82457741442221,-0.7658974144222128,8.5,2.5,11.0,6.0,14.47,2003,1,5.5,0.31666666666666643,3.33
2003-02,10.71,10.47,,,7.633333333333334,26.5,3.590755,4.432365904409874,92.64431,94.15296167623836,-1.5086516762383582,8.5,,,,15.85,2003,2,5.5,-0.36666666666666625,2.710000000000001
2003-03,9.72,9.65,,,6.7,26.5,3.44688947368421,-4.006553672299839,92.44473,94.48220622921109,-2.03747622921108,8.5,,,,16.57,2003,3,5.5,-1.0499999999999998,1.9700000000000006
2003-04,9.06,8.92,,,6.066666666666666,26.5,3.1186700000000003,-9.52219315966033,92.29938,94.81237611727923,-2.5129961172792292,8.5,,,,16.77,2003,4,5.5,-1.4333333333333333,1.5600000000000005
2003-05,8.27,8.34,,,5.433333333333334,26.5,2.955742857142857,-5.224250813877173,90.94012,95.1435206631144,-4.203400663114408,8.5,,,,17.24,2003,5,5.5,-1.8166666666666667,1.0199999999999996
2003-06,7.71,7.76,,,4.8,26.0,2.8832050000000002,-2.4541328745009583,91.44546,95.47566979898613,-4.030209798986135,8.5,,,,16.57,2003,6,5.5,-2.2,0.71
2003-07,6.64,6.86,,,4.466666666666667,24.5,2.8798304347826083,-0.11704215334643608,90.64099,95.8088210235168,-5.167831023516797,8.5,,,,15.43,2003,7,5.5,-2.283333333333333,-0.11000000000000032
2003-08,6.34,6.38,,,4.133333333333333,22.0,3.002542857142857,4.261098878535607,91.90913,96.14294073803102,-4.233810738031011,8.5,,,,15.07,2003,8,5.5,-2.366666666666667,-0.16000000000000014
2003-09,6.46,6.35,,,3.8,20.0,2.9228454545454543,-2.6543302257221013,94.53327,96.47795546861398,-1.944685468613983,8.5,,,,15.14,2003,9,5.5,-2.45,0.20999999999999996
2003-10,6.17,6.13,,,4.033333333333333,19.0,2.8615,-2.0988264860207773,94.98237,96.81375907305814,-1.8313890730581335,8.5,,,,13.98,2003,10,5.5,-1.9666666666666668,0.17000000000000004
2003-11,5.98,6.01,,,4.266666666666667,17.5,2.9138,1.8277127380744496,95.97502,97.15023040386681,-1.1752104038668136,8.5,,,,11.02,2003,11,5.5,-1.4833333333333334,0.23000000000000043
2003-12,5.88,5.89,,,4.5,16.5,2.9252545454545453,0.39311364728344955,94.51718,97.48723418245483,-2.970054182454831,8.5,,,,9.3,2003,12,5.5,-1.0,0.3799999999999999
2004-01,6.0,5.88,,,4.566666666666666,16.5,2.8518333333333334,-2.509908487632251,96.38548,97.82462606225545,-1.4391460622554462,5.5,2.5,8.0,3.0,7.71,2004,1,4.5,-0.8500000000000002,0.5833333333333333
2004-02,5.69,5.61,,,4.633333333333334,16.5,2.930311111111111,2.7518360508834494,97.86623,98.16223877961727,-0.29600877961726724,5.5,,,,6.69,2004,2,4.5,-0.6999999999999996,0.356666666666667
2004-03,5.41,5.33,,,4.7,16.25,2.9054565217391306,-0.8481894389212541,98.48589,98.49989396636681,-0.01400396636681478,5.5,,,,5.89,2004,3,4.5,-0.5499999999999998,0.16000000000000014
2004-04,5.49,5.49,,,4.733333333333333,16.0,2.9059850000000003,0.018189164316018136,99.26207,98.83741097031218,0.42465902968781677,5.5,,,,5.26,2004,4,4.5,-0.4333333333333333,0.32333333333333353
2004-05,5.67,5.67,,,4.766666666666667,16.0,3.100419047619048,6.69081387615722,100.12512,99.17460903120624,0.9505109687937505,5.5,,,,5.15,2004,5,4.5,-0.3166666666666667,0.5866666666666667
2004-06,6.03,6.02,,,4.8,16.0,3.1291476190476186,0.9266028555279471,100.50215,99.51131066549192,0.990839334508081,5.5,,,,6.06,2004,6,4.5,-0.20000000000000018,1.0300000000000002
2004-07,6.28,6.12,,,5.2,16.0,3.0367772727272726,-2.9519331641010838,101.21682,99.84734572380168,1.3694742761983179,5.5,,,,6.81,2004,7,4.5,0.2833333333333335,1.3633333333333337
2004-08,6.22,6.2,,,5.6,16.0,3.0029136363636364,-1.11511755135153,102.30943,100.18255170213324,2.1268782978667673,5.5,,,,7.18,2004,8,4.5,0.7666666666666663,1.3866666666666665
2004-09,6.19,6.17,,,6.0,16.25,2.891147619047619,-3.7219191375533422,102.68582,100.51677666341544,2.169043336584565,5.5,,,,6.7,2004,9,4.5,1.25,1.4400000000000004
2004-10,6.17,6.17,,,5.766666666666667,16.75,2.852855,-1.3244781689920493,102.09948,100.84988508167508,1.2495949183249166,5.5,,,,6.86,2004,10,4.5,1.1,1.5033333333333332
2004-11,6.22,6.16,,,5.533333333333333,17.25,2.78604,-2.342039816254249,102.05578,101.18175816738447,0.8740218326155258,5.5,,,,7.24,2004,11,4.5,0.9499999999999998,1.6366666666666665
2004-12,5.97,5.93,,,5.3,17.75,2.7181608695652173,-2.436401861953974,102.69571,101.51228677295201,1.1834232270479959,5.5,,,,7.6,2004,12,4.5,0.7999999999999998,1.4699999999999998
2005-01,5.7,5.66,,,5.2,18.25,2.6930238095238095,-0.9247819112865319,103.24638,101.84136849478179,1.4050115052182122,4.5,2.5,7.0,2.0,7.41,2005,1,4.5,0.7000000000000002,1.2000000000000002
2005-02,5.57,5.58,,,5.1,18.75,2.597838888888889,-3.5344997804438782,101.84251,102.1689100606299,-0.3264000606298936,4.5,,,,7.39,2005,2,4.5,0.5999999999999996,1.0700000000000003
2005-03,5.5,5.46,,,5.0,19.25,2.7047363636363637,4.114861595331476,102.83822,102.49482903939052,0.34339096060948293,4.5,,,,7.54,2005,3,4.5,0.5,1.0
2005-04,5.59,5.49,,,4.866666666666666,19.5,2.57918,-4.642092490950223,102.87626,102.81904048143892,0.05721951856108376,4.5,,,,8.07,2005,4,4.5,0.36666666666666625,1.0899999999999999
2005-05,5.44,5.39,,,4.733333333333333,19.75,2.452814285714286,-4.899453093065009,106.43452,103.14146208677198,3.2930579132280258,4.5,,,,8.05,2005,5,4.5,0.2333333333333334,0.9400000000000004
2005-06,5.07,5.08,,,4.6,19.75,2.4135136363636365,-1.602267631085852,104.19472,103.46201199689524,0.7327080031047615,4.5,,,,7.27,2005,6,4.5,0.09999999999999964,0.5700000000000003
2005-07,4.94,5.01,,,4.266666666666667,19.75,2.3735095238095236,-1.6575051390381068,103.5976,103.78063376271183,-0.1830337627118297,4.5,,,,6.57,2005,7,4.5,-0.2333333333333334,0.44000000000000045
2005-08,4.9,4.95,,,3.933333333333333,19.75,2.3606304347826086,-0.5426179628823968,103.6814,104.09727658873597,-0.4158765887359692,4.5,,,,6.02,2005,8,4.5,-0.5666666666666669,0.40000000000000036
2005-09,4.8,4.8,,,3.6,19.5,2.2944095238095237,-2.8052214356536154,102.96555,104.41188826718448,-1.4463382671844869,4.5,,,,6.04,2005,9,4.5,-0.8999999999999999,0.2999999999999998
2005-10,4.73,4.68,,,3.6666666666666665,19.0,2.25645,-1.6544354185950905,102.48186,104.72441338134999,-2.2425533813499925,4.5,,,,6.36,2005,10,4.5,-0.8333333333333335,0.23000000000000043
2005-11,4.63,4.64,,,3.7333333333333334,18.5,2.2108350000000003,-2.0215382569966023,103.44707,105.03478535450753,-1.5877153545075373,4.5,,,,6.22,2005,11,4.5,-0.7666666666666666,0.1299999999999999
2005-12,4.51,4.48,,,3.8,18.0,2.285481818181818,3.376408378816964,105.17228,105.34292030627954,-0.1706403062795374,4.5,,,,5.69,2005,12,4.5,-0.7000000000000002,0.009999999999999787
2006-01,4.59,4.58,,,3.6,17.25,2.273868181818182,-0.5081482718981012,105.63701,105.64872210539832,-0.011712105398316908,4.5,2.0,6.5,2.5,5.7,2006,1,4.5,-0.8999999999999998,0.08999999999999986
2006-03,4.41,4.41,,,3.2,16.5,2.1519608695652175,-0.4607636923573244,105.87072,106.25293636355805,-0.3822163635580438,4.5,,,,5.32,2006,3,4.5,-1.2999999999999998,-0.08999999999999986
2006-04,4.18,4.2,,,3.4333333333333336,15.75,2.1292888888888886,-1.0535498575728997,106.34841,106.55115761138981,-0.20274761138981034,4.5,,,,4.63,2006,4,4.5,-1.0666666666666664,-0.3200000000000003
2006-05,4.15,4.2,,,3.6666666666666665,15.75,2.1781,2.292366778684607,107.08331,106.84666042532078,0.23664957467921965,4.5,,,,4.23,2006,5,4.5,-0.8333333333333335,-0.34999999999999964
2006-07,4.33,4.4,,,4.0,14.75,2.1892809523809524,-2.62463967331793,106.57162,107.42911983143117,-0.8574998314311699,4.5,,,,3.97,2006,7,4.5,-0.5,-0.16999999999999993
2006-08,4.41,4.5,,,4.1,14.25,2.155882608695652,-1.5255394082234086,106.41823,107.7158729877969,-1.2976429877969053,4.5,,,,3.84,2006,8,4.5,-0.40000000000000036,-0.08999999999999986
2006-10,4.06,4.07,,,4.1,13.75,2.1482809523809525,-0.9435893855223809,106.16329,108.27985435192183,-2.1165643519218236,4.5,,,,3.26,2006,10,4.5,-0.40000000000000036,-0.4400000000000004
2006-11,4.18,4.18,,,4.0,13.25,2.1579,0.4477555697911306,107.55591,108.55681334103824,-1.0009033410382386,4.5,,,,3.02,2006,11,4.5,-0.5,-0.32000000000000023
2007-01,4.07,4.03,,,3.8666666666666667,13.0,2.1384772727272727,-0.5322396774171678,108.01813,109.09986731353327,-1.0817373135332673,4.5,2.0,6.5,2.5,2.99,2007,1,4.5,-0.6333333333333333,-0.4299999999999997
2007-03,3.8,3.81,,,3.8,12.75,2.0886772727272724,-0.36125115194883817,110.81673,109.62727931392078,1.1894506860792262,4.5,,,,2.96,2007,3,4.5,-0.7000000000000002,-0.7000000000000002
2007-04,3.62,3.62,,,3.7333333333333334,12.5,2.032035,-2.711872890411271,111.93977,109.88466683607771,2.0551031639222828,4.5,,,,3.0,2007,4,4.5,-0.7666666666666666,-0.8799999999999999
2007-06,3.37,3.4,,,3.6,12.0,1.93187,-2.5102590863736007,112.90762,110.38594594074169,2.5216740592583022,4.5,,,,3.69,2007,6,4.5,-0.8999999999999999,-1.13
2007-07,3.5,3.54,,,3.7666666666666666,11.5,1.8828181818181817,-2.5390848339597483,112.53958,110.62953888975038,1.9100411102496224,4.5,,,,3.74,2007,7,4.5,-0.7333333333333334,-1.0
2007-09,3.87,3.72,,,4.1,11.25,1.899578947368421,-3.3791279427274223,112.842,111.10201735765283,1.7399826423471723,4.5,,,,4.15,2007,9,4.5,-0.40000000000000036,-0.6299999999999999
2007-10,3.82,3.83,,,4.166666666666666,11.25,1.8010409090909092,-5.187362094848513,116.04185,111.33071398068036,4.711136019319639,4.5,,,,4.12,2007,10,4.5,-0.3333333333333339,-0.6800000000000003
2007-12,3.95,3.96,,,4.3,11.25,1.7859850000000002,0.9073830812040162,115.26867,111.77270339430339,3.4959666056966086,4.5,,,,4.46,2007,12,4.5,-0.20000000000000018,-0.5499999999999998
2008-01,4.41,4.35,,,4.3,11.25,1.774259090909091,-0.6565513759023256,117.1876,111.98595845767147,5.201641542328531,4.5,2.0,6.5,2.5,4.56,2008,1,4.5,-0.20000000000000018,-0.08999999999999986
2008-03,4.3,4.25,,,4.3,11.25,1.70758,-1.1669626619469908,117.13921,112.39710847707038,4.74210152292963,4.5,,,,4.73,2008,3,4.5,-0.20000000000000018,-0.20000000000000018
2008-04,4.42,4.38,,,4.466666666666667,11.75,1.6889285714285716,-1.092272606345157,117.24638,112.59516233948945,4.651217660510554,4.5,,,,5.04,2008,4,4.5,-0.033333333333333215,-0.08000000000000007
2008-06,5.02,4.76,,,4.8,12.25,1.618857142857143,-2.509905370429233,119.62311,112.97689785279877,6.646212147201226,4.5,,,,6.06,2008,6,4.5,0.2999999999999998,0.5199999999999996
2008-07,5.48,5.36,,,4.833333333333333,13.0,1.5914130434782607,-1.6952761705980923,120.20637,113.16096081576049,7.045409184239517,4.5,,,,6.37,2008,7,4.5,0.33333333333333304,0.9800000000000005
2008-09,5.23,5.24,,,4.9,13.75,1.7995681818181817,11.61398232112909,120.16257,113.51679297796301,6.645777022036995,4.5,,,,6.25,2008,9,4.5,0.40000000000000036,0.7300000000000004
2008-10,5.3,5.27,,,4.833333333333334,13.75,2.1728521739130433,20.742975779762716,116.88563,113.6892383554301,3.1963916445699,4.5,,,,6.41,2008,10,4.5,0.3333333333333339,0.7999999999999998
2008-12,5.23,5.3,,,4.7,13.75,2.3944136363636366,5.653452839823525,97.65233,114.02521381725101,-16.372883817251008,4.5,,,,5.9,2008,12,4.5,0.20000000000000018,0.7300000000000004
2009-01,4.74,4.78,,,4.566666666666666,12.75,2.307442857142857,-3.632237049604381,99.73449,114.18958295298083,-14.455092952980834,4.5,2.0,6.5,2.5,5.84,2009,1,4.5,0.06666666666666643,0.2400000000000002
2009-03,4.51,4.44,,,4.3,11.25,2.313836363636364,0.050337501482289326,102.54293,114.51248637146605,-11.969556371466055,4.5,,,,5.61,2009,3,4.5,-0.20000000000000018,0.009999999999999787
2009-04,4.23,4.16,,,4.066666666666666,10.25,2.20585,-4.6669836006317915,103.8842,114.67125785218502,-10.787057852185015,4.5,,,,5.53,2009,4,4.5,-0.43333333333333357,-0.2699999999999996
2009-06,4.1,4.04,,,3.6,9.25,1.9575571428571428,-5.014683216492621,106.66085,114.98334382360756,-8.322493823607559,4.5,,,,4.8,2009,6,4.5,-0.8999999999999999,-0.40000000000000036
2009-07,4.13,4.14,,,3.7333333333333334,8.75,1.9327521739130433,-1.2671389458340676,108.00185,115.13637496902332,-7.1345249690233175,4.5,,,,4.5,2009,7,4.5,-0.7666666666666666,-0.3700000000000001
2009-09,3.98,4.08,,,4.0,8.75,1.819795238095238,-1.3757845404244962,111.19407,115.43520675992505,-4.241136759925055,4.5,,,,4.34,2009,9,4.5,-0.5,-0.52
2009-10,4.28,4.32,,,4.2,8.75,1.7384190476190475,-4.47172235494836,113.61499,115.58036776044675,-1.9653777604467422,4.5,,,,4.17,2009,10,4.5,-0.2999999999999998,-0.21999999999999975
2009-12,4.35,4.4,,,4.6,8.75,1.7503136363636365,1.3992698454162067,115.57168,115.86032692007616,-0.288646920076161,4.5,,,,4.31,2009,12,4.5,0.09999999999999964,-0.15000000000000036
2010-01,4.65,4.51,,,4.633333333333333,8.75,1.7798200000000002,1.6857757960261788,117.28625,115.99434180537212,1.2919081946278794,4.5,2.0,6.5,2.5,4.59,2010,1,4.5,0.13333333333333286,0.15000000000000036
2010-03,4.57,4.56,,,4.7,8.75,1.7858434782608694,-3.029368227794016,119.73942,116.24847331362308,3.4909466863769154,4.5,,,,5.17,2010,3,4.5,0.20000000000000018,0.07000000000000028
2010-04,4.85,4.74,,,4.733333333333333,9.5,1.75657,-1.6391961903277852,120.19787,116.36782485409054,3.8300451459094518,4.5,,,,5.26,2010,4,4.5,0.2333333333333334,0.34999999999999964
2010-06,4.89,4.71,,,4.8,10.25,1.8065285714285715,-0.36741339916483984,119.35572,116.58934262016457,2.7663773798354327,4.5,,,,4.84,2010,6,4.5,0.2999999999999998,0.3899999999999997
2010-07,4.8,4.92,,,4.766666666666667,10.75,1.7696363636363637,-2.0421602168757325,118.61041,116.69088995561046,1.919520044389543,4.5,,,,4.6,2010,7,4.5,0.2666666666666666,0.2999999999999998
2010-08,4.9,5.02,,,4.733333333333333,10.75,1.7595636363636364,-0.569197575259428,118.33945,116.78592221527452,1.5535277847254747,4.5,,,,4.49,2010,8,4.5,0.2333333333333334,0.40000000000000036
2010-10,5.29,5.18,,,4.8,10.75,1.6835,-2.048602356696194,118.21014,116.95541195214115,1.2547280478588476,4.5,,,,5.2,2010,10,4.5,0.2999999999999998,0.79
2010-12,5.73,5.36,,,5.0,10.75,1.693413043478261,-1.1624705410947511,119.6354,117.09587442401182,2.539525575988179,4.5,,,,5.91,2010,12,4.5,0.5,1.2300000000000004
2011-01,5.5,5.47,,,4.933333333333334,11.25,1.6749142857142858,-1.0923949024261081,119.96544,117.15466778792062,2.810772212079385,4.5,2.0,6.5,2.5,5.99,2011,1,4.5,0.43333333333333357,1.0
2011-03,5.55,5.35,,,4.8,11.75,1.6590999999999998,-0.532976816407793,121.82258,117.24842646953975,4.574153530460251,4.5,,,,6.3,2011,3,4.5,0.2999999999999998,1.0499999999999998
2011-04,5.6,5.42,,,4.733333333333333,12.0,1.5864473684210525,-4.379038730573647,118.70308,117.28308614541127,1.419993854588725,4.5,,,,6.51,2011,4,4.5,0.2333333333333334,1.0999999999999996
2011-06,5.03,5.04,,,4.6,12.25,1.5870428571428572,-1.6391819624787085,120.08909,117.32743604721645,2.761653952783547,4.5,,,,6.71,2011,6,4.5,0.09999999999999964,0.5300000000000002
2011-07,5.34,5.4,,,4.633333333333333,12.5,1.5639380952380952,-1.4558373014801451,119.86147,117.33698457141267,2.524485428587326,4.5,,,,6.87,2011,7,4.5,0.13333333333333286,0.8399999999999999
2011-08,5.44,5.47,,,4.666666666666667,12.5,1.597008695652174,2.114572214512367,118.92657,117.3380681175321,1.5885018824678951,4.5,,,,7.23,2011,8,4.5,0.16666666666666696,0.9400000000000004
2011-10,5.66,5.64,,,4.7,11.5,1.77257,1.3026700013335057,115.76273,117.3148096769573,-1.552079676957291,4.5,,,,6.97,2011,10,4.5,0.20000000000000018,1.1600000000000001
2011-11,5.6,5.58,,,4.7,11.5,1.7904900000000001,1.0109614853010207,116.3019,117.2904685884779,-0.9885685884779036,4.5,,,,6.64,2011,11,4.5,0.20000000000000018,1.0999999999999994
2012-01,5.3,5.34,,,4.766666666666667,10.5,1.7896818181818182,-2.5698130482659565,114.32268,117.21630391930464,-2.8936239193046305,4.5,2.0,6.5,2.5,6.22,2012,1,4.5,0.2666666666666666,0.7999999999999998
2012-03,5.28,5.34,,,4.9,9.75,1.795309090909091,4.475942134711786,114.68203,117.10807057781808,-2.4260405778180854,4.5,,,,5.24,2012,3,4.5,0.40000000000000036,0.7800000000000002
2012-04,5.48,5.45,,,4.933333333333334,9.0,1.854835,3.315635697069119,114.60726,117.04110565027331,-2.4338456502733123,4.5,,,,5.1,2012,4,4.5,0.43333333333333357,0.9800000000000003
2012-05,5.54,5.5,,,4.966666666666667,8.5,1.9859909090909091,7.071028371305754,115.20503,116.96550116302399,-1.7604711630239933,4.5,,,,4.99,2012,5,4.5,0.4666666666666668,1.04
2012-07,5.53,5.54,,,4.866666666666666,8.0,2.0287363636363636,-0.9983743061854344,117.01116,116.78804392187678,0.2231160781232262,4.5,,,,5.2,2012,7,4.5,0.36666666666666625,1.0300000000000002
2012-08,5.68,5.63,,,4.733333333333333,7.5,2.0294434782608697,0.03485492926438294,119.55515,116.68599487216783,2.8691551278321725,4.5,,,,5.24,2012,8,4.5,0.2333333333333334,1.1799999999999997
2012-10,5.5,5.5,,,4.666666666666666,7.25,2.0298454545454545,0.08710248579451019,118.89747,116.4547663842429,2.4427036157570967,4.5,,,,5.45,2012,10,4.5,0.16666666666666607,1.0
2012-11,5.33,5.37,,,4.733333333333333,7.25,2.06775,1.867361151543112,117.37178,116.32543178312723,1.0463482168727722,4.5,,,,5.53,2012,11,4.5,0.2333333333333334,0.8300000000000001
2013-01,5.58,5.55,,,5.0,7.25,2.031077272727273,-2.2503099270503646,119.18357,116.03902877234326,3.1445412276567453,4.5,2.0,6.5,2.5,6.15,2013,1,4.5,0.5,1.08
2013-03,5.43,5.62,,,5.4,7.25,1.98284,0.48600025338907393,118.08827,115.71540640789185,2.3728635921081462,4.5,,,,6.59,2013,3,4.5,0.9000000000000004,0.9299999999999997
2013-04,5.44,5.45,,,5.4,7.5,2.0022136363636363,0.9770650361923483,120.03126,115.53960358167117,4.49165641832883,4.5,,,,6.49,2013,4,4.5,0.9000000000000004,0.9400000000000004
2013-05,5.59,5.67,,,5.4,8.0,2.0348428571428574,1.6296573046261642,119.76164,115.35447714071631,4.407162859283687,4.5,,,,6.5,2013,5,4.5,0.9000000000000004,1.0899999999999999
2013-07,5.64,5.67,,,5.533333333333333,8.5,2.2521695652173914,3.6454765615206774,119.51763,114.95645680478113,4.5611731952188705,4.5,,,,6.27,2013,7,4.5,1.0333333333333332,1.1399999999999997
2013-08,6.02,6.1,,,5.666666666666667,9.0,2.342190909090909,3.9970944134851694,119.86465,114.74375466148543,5.120895338514572,4.5,,,,6.09,2013,8,4.5,1.166666666666667,1.5199999999999996
2013-10,6.2,6.25,,,5.733333333333333,9.5,2.1886478260869566,-3.6054329155694287,119.11912,114.29172371289826,4.827396287101735,4.5,,,,5.84,2013,10,4.5,1.2333333333333334,1.7000000000000002
2013-11,6.18,6.11,,,5.666666666666666,10.0,2.29535,4.8752555180983315,119.73626,114.05282079427637,5.68343920572363,4.5,,,,5.77,2013,11,4.5,1.1666666666666659,1.6799999999999995
2014-01,6.01,5.99,,,5.733333333333333,10.5,2.382209090909091,1.565704553206393,117.55918,113.55061181391099,4.008568186089008,4.5,2.0,6.5,2.5,5.59,2014,1,4.5,1.2333333333333334,1.5099999999999996
2014-02,6.12,6.12,,,5.866666666666666,10.75,2.38368,0.061745591372397435,118.04456,113.28795277154958,4.75660722845042,4.5,,,,5.68,2014,2,4.5,1.3666666666666663,1.62
2014-04,6.32,6.09,,,5.966666666666667,11.0,2.23277,-4.011860882393547,116.61769,112.74133669408292,3.8763533059170783,4.5,,,,6.28,2014,4,4.5,1.4666666666666668,1.82
2014-05,6.01,6.01,,,5.933333333333334,11.0,2.2208809523809525,-0.5324797278289939,115.45299,112.45821009557538,2.994779904424618,4.5,,,,6.37,2014,5,4.5,1.4333333333333336,1.5099999999999998
2014-07,5.94,5.96,,,5.866666666666667,11.0,2.2246478260869567,-0.4841117936292383,114.98212,111.87462585961559,3.1074941403844036,4.5,,,,6.5,2014,7,4.5,1.3666666666666671,1.4400000000000004
2014-09,6.17,6.23,,,5.8,11.0,2.332868181818182,2.8588533322033927,115.60571,111.27119572570042,4.334514274299579,4.5,,,,6.75,2014,9,4.5,1.2999999999999998,1.67
2014-10,6.38,6.37,,,5.8999999999999995,11.25,2.4482608695652175,4.946386968898575,115.77153,110.9633334168667,4.808196583133295,4.5,,,,6.59,2014,10,4.5,1.3999999999999995,1.88
2014-12,6.59,6.59,,,6.1,11.75,2.6393636363636364,3.5708635287188706,111.48084,110.3381820139213,1.142657986078703,4.5,,,,6.41,2014,12,4.5,1.5999999999999996,2.09
2015-01,6.77,6.61,,,6.033333333333333,12.25,2.6342285714285714,-0.19455693275139962,112.07362,110.02214413951336,2.051475860486647,4.5,2.0,6.5,2.5,7.14,2015,1,4.5,1.5333333333333332,2.269999999999999
2015-03,6.93,6.47,,,5.9,12.75,3.1394772727272726,11.4693061381268,110.68484,109.38640169492747,1.2984383050725228,4.5,,,,8.13,2015,3,4.5,1.4000000000000004,2.4299999999999997
2015-04,6.13,5.97,,,5.733333333333333,13.25,3.0432200000000003,-3.0660286527143255,108.53225,109.06803978889883,-0.5357897888988248,4.5,,,,8.17,2015,4,4.5,1.2333333333333334,1.6299999999999997
2015-06,6.12,5.97,,,5.4,13.75,3.1117380952380955,1.6338259843942327,106.45823,108.43375408712987,-1.9755240871298696,4.5,,,,8.89,2015,6,4.5,0.9000000000000004,1.62
2015-07,5.98,5.71,,,5.533333333333333,14.25,3.2231434782608694,3.580165798441004,104.58883,108.11918436512151,-3.530354365121511,4.5,,,,9.56,2015,7,4.5,1.0333333333333332,1.4800000000000004
2015-09,5.63,5.65,,,5.8,14.25,3.906457142857143,11.158747107061773,102.65011,107.49846037431098,-4.848350374310982,4.5,,,,9.49,2015,9,4.5,1.2999999999999998,1.13
2015-10,6.63,6.53,,,5.933333333333334,14.25,3.8801380952380953,-0.6737318920078672,102.50292,107.19354261265067,-4.690622612650671,4.5,,,,9.93,2015,10,4.5,1.4333333333333336,2.13
2015-11,7.27,7.12,,,6.066666666666666,14.25,3.77646,-2.6720207552750286,100.71552,106.89302694205645,-6.1775069420564535,4.5,,,,10.48,2015,11,4.5,1.5666666666666664,2.7699999999999996
2016-01,7.09,6.91,,,6.0,14.25,4.05235,4.681148359067699,100.06764,106.3072898314119,-6.239649831411896,4.5,2.0,6.5,2.5,10.71,2016,1,4.5,1.5,2.59
2016-03,7.06,6.7,,,5.6,14.25,3.7039181818181817,-6.790171991473681,99.56055,105.74491042764286,-6.184360427642858,4.5,,,,9.39,2016,3,4.5,1.0999999999999996,2.5599999999999996
2016-04,6.19,6.21,,,5.466666666666667,14.25,3.5658450000000004,-3.7277600378959774,99.59657,105.47339644752309,-5.8768264475230865,4.5,,,,9.28,2016,4,4.5,0.9666666666666668,1.6900000000000004
2016-06,6.25,5.89,,,5.2,14.25,3.4244772727272728,-3.243961020876207,98.63916,104.951118238807,-6.311958238806994,4.5,,,,8.84,2016,6,4.5,0.7000000000000002,1.75
2016-07,5.79,5.71,,,4.966666666666667,14.25,3.2755666666666667,-4.348418581911417,99.33932,104.70078151089596,-5.361461510895964,4.5,,,,8.74,2016,7,4.5,0.4666666666666668,1.29
2016-08,5.42,5.28,,,4.733333333333333,14.25,3.209660869565217,-2.012042611500797,97.47061,104.4578558766469,-6.987245876646909,4.5,,,,8.97,2016,8,4.0,0.5666666666666668,1.2533333333333332
2016-10,5.0,5.02,,,4.466666666666667,14.0,3.185845,-2.165798039886624,97.1394,103.99459832270394,-6.8551983227039415,4.5,,,,7.87,2016,10,4.5,-0.033333333333333215,0.5
2016-11,4.8,4.9,,,4.433333333333334,14.0,3.34203,4.902467006398603,98.08853,103.7743218429139,-5.6857918429139005,4.5,,,,6.99,2016,11,3.0,1.3083333333333336,1.6749999999999996
2017-01,4.7,4.83,,,4.233333333333333,13.0,3.196609090909091,-4.643396126638821,100.4551,103.3562468604623,-2.9011468604623047,4.5,1.5,6.0,3.0,5.35,2017,1,3.75,-0.2041666666666666,0.2625000000000002
2017-02,4.52,4.55,,,4.066666666666666,12.25,3.1041944444444445,-2.8910211989156442,101.61333,103.15823664104106,-1.5449066410410524,4.5,,,,4.76,2017,2,4.5,-0.43333333333333357,0.019999999999999574
2017-04,4.6,4.59,,,4.166666666666667,11.25,3.136172222222222,0.2634901130780909,99.95435,102.78356569954911,-2.82921569954911,4.5,,,,4.08,2017,4,,,
2017-05,4.69,4.58,,,4.433333333333334,11.25,3.209509090909091,2.33841968777162,100.35684,102.60657184629008,-2.249731846290075,4.5,,,,3.6,2017,5,4.5,-0.06666666666666643,0.1900000000000004
2017-07,4.43,4.44,,,4.433333333333334,9.25,3.2061380952380953,-2.707697821038757,101.47658,102.27227215224482,-0.7956921522448255,4.5,,,,2.71,2017,7,4.5,-0.06666666666666643,-0.07000000000000028
2017-09,4.39,4.17,,,3.9,8.25,3.1347899999999997,-0.5118316128774336,101.87868,101.96273389944288,-0.08405389944287833,4.5,,,,2.54,2017,9,4.5,-0.6000000000000001,-0.11000000000000032
2017-10,4.09,4.0,,,3.933333333333333,7.5,3.1912285714285713,1.8003940113555217,102.88233,101.81666816450138,1.0656618354986165,4.5,,,,2.7,2017,10,4.5,-0.5666666666666669,-0.41000000000000014
2017-12,3.97,3.95,,,4.0,7.0,3.2919150000000004,0.9981959759218118,106.0944,101.54076722425978,4.553632775740212,4.5,,,,2.95,2017,12,4.5,-0.5,-0.5299999999999998
2018-02,3.94,4.04,,,4.066666666666666,6.75,3.2415000000000003,0.9621510503529551,103.05262,101.28506697546004,1.7675530245399642,4.5,,,,2.84,2018,2,4.25,-0.39166666666666694,-0.5183333333333334
2018-03,3.93,3.99,,,4.1,6.5,3.2792142857142856,1.1634825147087913,104.51468,101.16434329449307,3.3503367055069333,4.5,,,,2.68,2018,3,4.25,-0.33750000000000036,-0.5074999999999998
2018-05,4.21,4.21,,,3.9666666666666663,6.5,3.636057142857143,6.707622132721425,93.44897,100.93640940200308,-7.487439402003076,4.5,,,,2.86,2018,5,4.25,-0.42916666666666703,-0.18583333333333338
2018-06,4.59,4.3,,,3.9,6.5,3.773171428571428,3.770960695258574,105.0036,100.82897990410048,4.174620095899527,4.5,,,,4.39,2018,6,4.25,-0.4750000000000001,0.21499999999999986
2018-07,3.72,3.67,,,4.1,6.5,3.8287636363636364,1.4733549440995253,104.74574,100.72572451605217,4.02001548394783,4.5,,,,4.48,2018,7,4.25,-0.25416666666666704,-0.6341666666666665
2018-09,3.93,3.94,,,4.5,6.5,4.1165473684210525,4.7532422339299885,100.83718,100.53128559388134,0.3058944061186679,4.5,,,,4.53,2018,9,4.25,0.1875,-0.38249999999999984
2018-10,4.02,3.9,,,4.333333333333333,6.5,3.758409090909091,-8.69996736243872,102.25369,100.43994797078564,1.8137420292143673,4.5,,,,4.56,2018,10,4.25,0.04166666666666637,-0.2716666666666671
2018-12,3.76,3.8,,,4.0,6.5,3.885055,2.5983286084192647,101.9867,100.26873616647013,1.7179638335298648,4.5,,,,3.75,2018,12,4.25,-0.25,-0.4900000000000002
2019-02,3.93,4.0,,,4.0,6.5,3.7236249999999997,-0.4825856141501883,101.8588,100.11255534167985,1.7462446583201512,4.25,,,,3.89,2019,2,4.0,-0.20833333333333334,-0.2783333333333332
2019-03,4.01,3.97,,,4.0,6.5,3.846484210526316,3.2994517580668514,101.2751,100.04005384746563,1.2350461525343661,4.25,,,,4.58,2019,3,4.0,-0.1875,-0.1775000000000002
2019-05,3.78,3.56,,,3.6,6.5,4.001518181818182,2.7042297088606393,101.79598,99.90623754017429,1.8897424598257118,4.25,,,,4.66,2019,5,4.0,-0.5458333333333333,-0.36583333333333357
2019-06,3.51,3.56,,,3.4,6.5,3.8588263157894738,-3.5659432131799673,100.82596,99.84496116589072,0.9809988341092719,4.25,,,,3.37,2019,6,4.0,-0.7250000000000001,-0.6150000000000002
2019-07,3.69,3.67,,,3.3333333333333335,6.5,3.7793391304347828,-2.059879840392065,100.34568,99.7874890275611,0.5581909724389078,4.25,,,,3.22,2019,7,3.0,-0.1874999999999999,0.1691666666666666
2019-09,3.37,3.44,,,3.2,5.5,4.1215,2.525339327631526,101.34697,99.68415577401842,1.6628142259815775,4.25,,,,2.89,2019,9,4.0,-0.8624999999999998,-0.6924999999999999
2019-10,3.4,3.59,,,3.3333333333333335,5.0,4.086986956521739,-0.8373903549256712,103.64913,99.6384125995873,4.010717400412702,4.25,,,,2.54,2019,10,4.0,-0.7083333333333333,-0.6416666666666668
2019-12,3.92,3.87,,,3.6,4.5,4.109590476190476,-1.1011004816573244,99.80544,99.55918108220766,0.2462589177923462,4.25,,,,4.31,2019,12,4.0,-0.3999999999999999,-0.08000000000000007
2020-02,3.4,3.42,,,3.533333333333333,4.25,4.341011111111111,4.616198418245121,101.79501,99.49706638733359,2.2979436126664154,4.0,,,,4.01,2020,2,3.5,-0.38333333333333347,-0.5166666666666668
2020-03,3.47,3.52,,,3.5,3.75,4.883854545454546,12.504999882492584,94.00558,99.47274779305779,-5.467167793057797,4.0,,,,3.3,2020,3,3.75,-0.4375,-0.4674999999999998
2020-05,2.39,2.9,,,3.566666666666667,3.0,5.643445,5.968645668640771,81.33727,99.43829702937938,-18.10102702937938,4.0,,,,1.88,2020,5,3.75,-0.3291666666666665,-1.5058333333333334
2020-06,3.24,3.25,,,3.6,2.25,5.1966,-7.9179472822008545,89.48945,99.42820274937361,-9.938752749373606,4.0,,,,2.13,2020,6,3.75,-0.2749999999999999,-0.6349999999999998
2020-08,3.12,2.92,,,3.0666666666666664,2.0,5.461233333333333,3.428702078207535,100.6379,99.42127256858207,1.2166274314179333,4.0,,,,2.44,2020,8,3.75,-0.7666666666666668,-0.7133333333333332
2020-09,3.15,3.13,,,2.8,2.0,5.399485714285714,-1.1306533758727033,103.35202,99.42384386124422,3.9281761387557736,4.0,,,,3.14,2020,9,3.75,-1.0125000000000002,-0.6625000000000001
2020-10,3.85,3.54,,,3.0,2.0,5.625790476190476,4.191228088742127,104.95525,99.43004511996446,5.525204880035545,4.0,,,,3.92,2020,10,3.75,-0.7916666666666666,0.05833333333333343
2020-12,4.06,4.04,,,3.4,2.0,5.1455863636363635,-5.0250448078178245,104.87723,99.45232792795312,5.424902072046876,4.0,,,,4.52,2020,12,3.75,-0.3500000000000001,0.3099999999999996
2021-01,3.45,3.45,,,3.5666666666666664,2.0,5.3562449999999995,4.093967557368217,105.64286,99.46801468555384,6.174845314446159,3.75,1.5,5.25,2.25,4.56,2021,1,3.25,-0.14166666666666689,-0.25833333333333314
2021-03,4.33,4.21,,,3.9,2.75,5.646147826086957,4.239889544760134,101.88765,99.5078221669961,2.379827833003887,3.75,,,,6.1,2021,3,3.5,0.2124999999999999,0.6425000000000001
2021-05,4.0735,4.0366,3.515,3.5318,3.6333333333333333,3.5,5.291057142857143,-4.8736295890491,101.15198,99.55846986403402,1.5935101359659711,3.75,,,,8.06,2021,5,3.5,-0.012500000000000032,0.4276666666666668
2021-06,4.3484,4.272,3.6177,3.6144,3.5,4.25,5.031904761904762,-4.897932000266403,100.7712,99.58777856064252,1.183421439357474,3.75,,,,8.35,2021,6,3.5,-0.125,0.7233999999999998
2021-08,4.9028,4.4157,3.6803,3.6202,3.7666666666666666,5.25,5.251718181818182,1.8425262786751606,99.40369,99.65428915008128,-0.2505991500812854,3.75,,,,9.68,2021,8,3.5,0.18333333333333326,1.3194666666666666
2021-09,5.1851,4.8298,3.7422,3.6695,3.9,6.25,5.279690476190477,0.5326312913959574,99.09509,99.69147910595487,-0.59638910595487,3.75,,,,10.25,2021,9,3.5,0.3374999999999999,1.6226000000000003
2021-10,5.2293,4.9904,3.804,3.7892,4.166666666666667,7.75,5.53998,4.930014836728325,98.64755,99.7312817007539,-1.0837317007539014,3.75,,,,10.67,2021,10,3.5,0.6250000000000003,1.6876333333333338
2021-12,5.8992,5.2717,3.7217,3.6135,4.7,9.25,5.651391304347826,1.7011640449431376,100.14413,99.81866469876198,0.325465301238026,3.75,,,,10.06,2021,12,3.5,1.2000000000000002,2.3992000000000004
2022-02,5.4174,5.2806,3.4971,3.4883,4.633333333333333,10.75,5.196578947368421,-6.099013825321387,100.92825,99.91624344458612,1.0120065554138904,3.5,,,,10.54,2022,2,,,
2022-03,5.8053,5.7052,3.6416,3.625,4.6,11.75,4.968381818181818,-4.391295340604085,100.08235,99.96878763508552,0.11356236491448612,3.5,,,,11.3,2022,3,3.25,1.1624999999999996,2.3678
2022-05,5.9432,5.4909,3.8447,3.828,5.266666666666667,12.75,4.95505,4.1411003923572665,100.23226,100.08128640609961,0.1509735939003889,3.5,,,,11.73,2022,5,3.25,1.8708333333333336,2.547366666666667
2022-06,5.9315,5.883,4.0213,3.9935,5.6,13.25,5.049209523809524,1.900273938901198,100.15027,100.14121111806132,0.009058881938685204,3.5,,,,11.89,2022,6,3.25,2.2249999999999996,2.5564999999999998
2022-08,4.8022,5.6148,4.1458,4.0316,5.533333333333333,13.75,5.143286956521739,-4.187434445325744,99.72973,100.26835451316224,-0.5386245131622331,3.5,,,,8.73,2022,8,3.25,2.1999999999999997,1.4688666666666665
2022-09,4.9862,5.159,3.892,3.9032,5.5,13.75,5.236957142857143,1.8212125266825696,98.24448,100.33555999153162,-2.091079991531629,3.5,,,,7.17,2022,9,3.25,2.1875,1.6737000000000002
2022-10,5.1284,5.1413,3.7931,3.7807,5.333333333333333,13.75,5.2503,0.25478263004414803,99.72482,100.4051809579584,-0.6803609579583991,3.5,,,,6.47,2022,10,3.25,2.0416666666666665,1.8367333333333336
2022-12,5.4167,5.266,3.8232,3.7163,5.0,13.75,5.242431818181818,-0.6108117470956631,99.74337,100.55157431226039,-0.8082043122603864,3.5,,,,5.79,2022,12,3.25,1.75,2.1666999999999996
2023-01,5.7593,5.6638,3.934,3.9424,4.866666666666666,13.75,5.200681818181819,-0.7963861323899701,99.7351,100.62828559948056,-0.8931855994805602,3.25,1.5,4.75,1.75,5.77,2023,1,3.0,1.6374999999999995,2.5301333333333327
2023-03,5.5557,5.3806,4.115,4.1277,4.6,13.75,5.211460869565218,0.769032738256481,100.36835,100.78853854411751,-0.42018854411750794,3.25,,,,4.65,2023,3,3.0,1.4124999999999996,2.3682
2023-05,5.324,5.2277,4.1559,4.1815,4.266666666666667,13.75,4.9828363636363635,-0.735038442220759,100.54093,100.95755062619644,-0.41662062619643336,3.25,,,,3.94,2023,5,3.0,1.1208333333333333,2.178166666666667
2023-06,4.084,4.1885,3.9388,3.9373,4.1,13.75,4.851566666666667,-2.6344372439696007,100.12474,101.04518912420333,-0.9204491242033299,3.25,,,,3.16,2023,6,3.0,0.9749999999999996,0.9589999999999996
2023-08,4.0728,4.1381,3.7368,3.7228,3.7666666666666666,13.25,4.903543478260869,2.139423258341311,100.06384,101.22638202287159,-1.162542022871591,3.25,,,,4.61,2023,8,,,
2023-09,4.0942,4.0692,3.6697,3.653,3.6,12.75,4.93699,0.6820888177582418,99.67767,101.31977256977835,-1.642102569778345,3.25,,,,5.19,2023,9,3.0,0.5375000000000001,1.0316999999999998
2023-10,3.8865,3.9282,3.674,3.6534,3.566666666666667,12.75,5.064842857142857,2.589692447075187,100.08442,101.41489990912757,-1.3304799091275754,3.25,,,,4.82,2023,10,,,
2023-12,3.8997,3.903,3.6108,3.6108,3.5,11.75,4.897245,-0.022354511936706345,102.76932,101.6099172288773,1.1594027711227,3.25,,,,4.62,2023,12,3.0,0.5,0.8997000000000002
2024-01,3.8128,3.8154,3.5255,3.5874,3.3666666666666667,11.75,4.9143954545454545,0.3502061780747079,101.54737,101.70956548269429,-0.16219548269428685,3.0,1.5,4.5,1.5,4.51,2024,1,3.0,0.3666666666666667,0.8128000000000001
2024-03,3.427,3.4463,3.5933,3.601,3.1,10.75,4.980135,0.3171694404569658,102.30588,101.91256524585056,0.3933147541494435,3.0,,,,3.93,2024,3,,,
2024-05,3.6161,3.5954,3.6389,3.5891,3.2333333333333334,10.5,5.133047619047619,0.07705383019653844,100.62966,102.11974247597806,-1.4900824759780562,3.0,,,,3.93,2024,5,,,
2024-06,3.6208,3.5933,3.7224,3.7165,3.3,10.5,5.388975,4.985875837245124,105.10973,102.22461667289747,2.8851133271025304,3.0,,,,4.23,2024,6,,,
2024-07,3.8135,3.711,3.7283,3.7155,3.3666666666666667,10.5,5.542047826086956,2.84048128052099,103.61717,102.33018633988269,1.2869836601173148,3.0,,,,4.5,2024,7,,,
2024-09,4.1121,4.0373,3.7561,3.7003,3.5,10.75,5.541566666666666,-0.19895080804154253,104.35891,102.54301481012372,1.8158951898762723,3.0,,,,4.42,2024,9,,,
2024-11,4.2692,4.065,3.7996,3.739,4.166666666666667,11.25,5.807057894736842,3.2529456485451913,103.59923,102.7575240522332,0.8417059477668118,3.0,,,,4.87,2024,11,,,
2024-12,4.652,4.6555,3.988,3.9738,4.5,12.25,6.097028571428571,4.993418043146081,103.19153,102.86523902518258,0.3262909748174252,3.0,,,,4.83,2024,12,,,
2025-01,5.5094,5.7031,4.2186,4.2301,4.433333333333334,13.25,6.021772727272727,-1.2343036164944698,103.34464,102.97319000979479,0.37144999020520686,3.0,1.5,4.5,1.5,4.56,2025,1,,,
2025-03,5.2417,5.1872,4.4088,4.4693,4.3,14.25,5.74681052631579,-0.3266672451080477,105.21411,103.18960677668721,2.0245032233127915,,,,,5.48,2025,3,,,
2025-05,4.9577,4.9558,4.4481,4.3384,4.233333333333333,14.75,5.6673857142857145,-2.0106469626022583,103.88718,103.40642533445205,0.48075466554794843,,,,,5.32,2025,5,,,
2025-06,4.7179,4.707,4.358,4.3904,4.2,15.0,5.547055,-2.123213777075339,103.95187,103.51491644670219,0.43695355329781194,,,,,5.35,2025,6,,,
2025-07,4.5189,4.4373,4.1979,4.1846,4.133333333333334,15.0,5.528491304347826,-0.3346585828367332,103.81734,103.62343917530679,0.19390082469321612,,,,,5.23,2025,7,,,
2025-09,4.4526,4.3964,4.1141,4.1504,4.0,15.0,5.367409090909091,-1.459809635590803,104.16703,103.8405293558032,0.32650064419679836,,,,,5.17,2025,9,,,
2025-11,3.9377,4.0744,3.8999,3.877,3.6666666666666665,15.0,5.340852631578947,-0.8295095902658645,,,,,,,,4.46,2025,11,,,
2025-12,3.9963,4.0629,3.8316,3.8238,3.5,15.0,5.44816,2.0091804777869093,,,,,,,,,2025,12,,,
