Date,Infl. 12 m,Infl. 12 m suav.
04/01/2010,4.3900,4.4500
05/01/2010,4.3900,4.4600
06/01/2010,4.3900,4.4700
07/01/2010,4.3900,4.4700
08/01/2010,4.3900,4.4700
11/01/2010,4.4000,4.4900
12/01/2010,4.4300,4.5000
13/01/2010,4.5000,4.4900
14/01/2010,4.5000,4.4800
15/01/2010,4.5000,4.4700
18/01/2010,4.5200,4.4700
19/01/2010,4.5200,4.4600
20/01/2010,4.5400,4.4700
21/01/2010,4.5900,4.5100
22/01/2010,4.6100,4.5100
25/01/2010,4.6500,4.5100
26/01/2010,4.6500,4.5100
27/01/2010,4.6400,4.5100
28/01/2010,4.6200,4.5000
29/01/2010,4.6500,4.5100
01/02/2010,4.6500,4.5100
02/02/2010,4.6500,4.5100
03/02/2010,4.6500,4.5000
04/02/2010,4.6600,4.5000
05/02/2010,4.5000,4.5000
08/02/2010,4.5000,4.4900
09/02/2010,4.5200,4.5100
10/02/2010,4.5200,4.5200
11/02/2010,4.5000,4.5000
12/02/2010,4.5000,4.4900
17/02/2010,4.5100,4.4800
18/02/2010,4.5600,4.4700
19/02/2010,4.5600,4.4900
22/02/2010,4.6400,4.5100
23/02/2010,4.6400,4.5100
24/02/2010,4.6500,4.5000
25/02/2010,4.6500,4.4900
26/02/2010,4.6500,4.4900
01/03/2010,4.6600,4.4800
02/03/2010,4.6700,4.4700
03/03/2010,4.6700,4.4600
04/03/2010,4.6800,4.4600
05/03/2010,4.4900,4.4900
08/03/2010,4.5000,4.4700
09/03/2010,4.5700,4.5400
10/03/2010,4.5800,4.5600
11/03/2010,4.5800,4.5500
12/03/2010,4.5700,4.5500
15/03/2010,4.5600,4.5600
16/03/2010,4.5700,4.5600
17/03/2010,4.5700,4.5500
18/03/2010,4.6000,4.5800
19/03/2010,4.6400,4.6000
22/03/2010,4.6800,4.6200
23/03/2010,4.6800,4.6100
24/03/2010,4.7200,4.6200
25/03/2010,4.7100,4.6100
26/03/2010,4.7200,4.6400
29/03/2010,4.7200,4.6200
30/03/2010,4.7200,4.6200
31/03/2010,4.7200,4.6200
01/04/2010,4.7200,4.6300
05/04/2010,4.7200,4.6300
06/04/2010,4.7500,4.6300
07/04/2010,4.7500,4.6200
08/04/2010,4.6200,4.6200
09/04/2010,4.7000,4.6900
12/04/2010,4.7100,4.6900
13/04/2010,4.7100,4.6900
14/04/2010,4.7100,4.6900
15/04/2010,4.7300,4.6900
16/04/2010,4.7700,4.7200
19/04/2010,4.8100,4.7400
20/04/2010,4.8200,4.7400
22/04/2010,4.8200,4.7300
23/04/2010,4.8300,4.7300
26/04/2010,4.8600,4.7600
27/04/2010,4.8500,4.7400
28/04/2010,4.8500,4.7400
29/04/2010,4.8400,4.7200
30/04/2010,4.8400,4.7200
03/05/2010,4.8400,4.7500
04/05/2010,4.8400,4.7500
05/05/2010,4.8400,4.7400
06/05/2010,4.8400,4.7400
07/05/2010,4.8000,4.8300
10/05/2010,4.7800,4.8200
11/05/2010,4.8000,4.8300
12/05/2010,4.8200,4.8200
13/05/2010,4.8000,4.8100
14/05/2010,4.8100,4.8100
17/05/2010,4.8000,4.8000
18/05/2010,4.8400,4.8000
19/05/2010,4.8500,4.8300
20/05/2010,4.8500,4.8200
21/05/2010,4.8400,4.8100
24/05/2010,4.8400,4.7900
25/05/2010,4.8400,4.7900
26/05/2010,4.8400,4.7800
27/05/2010,4.8400,4.7800
28/05/2010,4.8400,4.7600
31/05/2010,4.8500,4.7600
01/06/2010,4.8700,4.7600
02/06/2010,4.8900,4.7500
04/06/2010,4.8500,4.7200
07/06/2010,4.8900,4.7200
08/06/2010,4.8900,4.7100
09/06/2010,4.7200,4.7200
10/06/2010,4.7200,4.7200
11/06/2010,4.7600,4.7600
14/06/2010,4.7600,4.7600
15/06/2010,4.7800,4.8000
16/06/2010,4.7400,4.7400
17/06/2010,4.7700,4.8000
18/06/2010,4.7900,4.8300
21/06/2010,4.7000,4.7800
22/06/2010,4.7000,4.7800
23/06/2010,4.7000,4.7900
24/06/2010,4.7000,4.8000
25/06/2010,4.7000,4.8200
28/06/2010,4.7000,4.8300
29/06/2010,4.7000,4.8400
30/06/2010,4.7000,4.8500
01/07/2010,4.7000,4.8500
02/07/2010,4.6900,4.8600
05/07/2010,4.6900,4.8800
06/07/2010,4.6900,4.8900
07/07/2010,4.9000,4.8900
08/07/2010,4.9000,4.8900
09/07/2010,4.9000,4.9000
12/07/2010,4.9000,4.9000
13/07/2010,4.9200,4.9800
14/07/2010,4.9200,4.9900
15/07/2010,4.9300,5.0100
16/07/2010,4.8800,4.9600
19/07/2010,4.8300,4.9100
20/07/2010,4.8000,4.9200
21/07/2010,4.8000,4.9300
22/07/2010,4.8000,4.9300
23/07/2010,4.8200,4.9300
26/07/2010,4.8300,4.9600
27/07/2010,4.8300,4.9600
28/07/2010,4.8300,4.9700
29/07/2010,4.8300,4.9800
30/07/2010,4.8000,4.9700
02/08/2010,4.8300,5.0300
03/08/2010,4.8300,5.0300
04/08/2010,4.8000,5.0300
05/08/2010,4.7700,5.0400
06/08/2010,5.0200,5.0000
09/08/2010,4.9700,4.9600
10/08/2010,4.9700,4.9700
11/08/2010,4.9700,4.9700
12/08/2010,4.9700,4.9800
13/08/2010,4.9600,4.9800
16/08/2010,4.9500,4.9800
17/08/2010,4.9600,4.9900
18/08/2010,4.9600,4.9700
19/08/2010,4.9300,4.9700
20/08/2010,4.9100,4.9700
23/08/2010,4.9100,4.9700
24/08/2010,4.9100,4.9700
25/08/2010,4.9100,4.9800
26/08/2010,4.9100,4.9900
27/08/2010,4.9000,4.9900
30/08/2010,4.8900,5.0100
31/08/2010,4.9000,5.0200
01/09/2010,4.9000,5.0300
02/09/2010,4.8800,5.0400
03/09/2010,4.8800,5.0300
06/09/2010,4.8700,5.0500
08/09/2010,4.8700,5.0600
09/09/2010,5.0700,5.0700
10/09/2010,5.0800,5.0600
13/09/2010,5.0900,5.0800
14/09/2010,5.0900,5.0900
15/09/2010,5.0900,5.0900
16/09/2010,5.1200,5.1100
17/09/2010,5.1200,5.1200
20/09/2010,5.2000,5.1600
21/09/2010,5.2100,5.1600
22/09/2010,5.2100,5.1500
23/09/2010,5.2200,5.1500
24/09/2010,5.2200,5.1500
27/09/2010,5.2200,5.1400
28/09/2010,5.2100,5.1400
29/09/2010,5.2100,5.1400
30/09/2010,5.2300,5.1400
01/10/2010,5.2400,5.1600
04/10/2010,5.2200,5.1200
05/10/2010,5.2500,5.1500
06/10/2010,5.2600,5.1500
07/10/2010,5.1500,5.1400
08/10/2010,5.1700,5.1600
11/10/2010,5.1700,5.1400
13/10/2010,5.2200,5.1800
14/10/2010,5.2200,5.1600
15/10/2010,5.2200,5.1600
18/10/2010,5.2400,5.1500
19/10/2010,5.2900,5.1800
20/10/2010,5.3500,5.1900
21/10/2010,5.3500,5.1800
22/10/2010,5.3500,5.1700
25/10/2010,5.3500,5.1300
26/10/2010,5.3500,5.1200
27/10/2010,5.3500,5.1100
28/10/2010,5.3600,5.1700
29/10/2010,5.3700,5.1600
01/11/2010,5.3800,5.1600
03/11/2010,5.3800,5.1400
04/11/2010,5.3800,5.1400
05/11/2010,5.3800,5.1400
08/11/2010,5.3800,5.1000
09/11/2010,5.1200,5.1100
10/11/2010,5.1900,5.1800
11/11/2010,5.2300,5.2200
12/11/2010,5.2300,5.2100
16/11/2010,5.2100,5.1500
17/11/2010,5.2100,5.1400
18/11/2010,5.3300,5.2400
19/11/2010,5.3500,5.2400
22/11/2010,5.4200,5.2900
23/11/2010,5.4300,5.2800
24/11/2010,5.4300,5.2800
25/11/2010,5.4700,5.3200
26/11/2010,5.5300,5.3500
29/11/2010,5.5400,5.3100
30/11/2010,5.6200,5.3600
01/12/2010,5.6200,5.3600
02/12/2010,5.6300,5.3500
03/12/2010,5.6400,5.3700
06/12/2010,5.7100,5.3600
07/12/2010,5.7300,5.3600
08/12/2010,5.3800,5.3700
09/12/2010,5.4000,5.3900
10/12/2010,5.4000,5.3800
13/12/2010,5.4000,5.3700
14/12/2010,5.4200,5.3700
15/12/2010,5.4000,5.3600
16/12/2010,5.4000,5.3400
17/12/2010,5.4600,5.4000
20/12/2010,5.5300,5.4600
21/12/2010,5.5300,5.4300
22/12/2010,5.5300,5.4200
23/12/2010,5.5200,5.3900
24/12/2010,5.5100,5.3900
27/12/2010,5.5100,5.3700
28/12/2010,5.5300,5.3800
29/12/2010,5.5300,5.3600
30/12/2010,5.5100,5.3500
31/12/2010,5.5100,5.3500
03/01/2011,5.5300,5.3200
04/01/2011,5.5300,5.3200
05/01/2011,5.5300,5.3100
06/01/2011,5.5300,5.3100
07/01/2011,5.3400,5.3500
10/01/2011,5.3500,5.3700
11/01/2011,5.3800,5.3700
12/01/2011,5.3800,5.3700
13/01/2011,5.3800,5.4000
14/01/2011,5.4200,5.4700
17/01/2011,5.4700,5.4600
18/01/2011,5.5000,5.4700
19/01/2011,5.5000,5.4600
20/01/2011,5.5300,5.4900
21/01/2011,5.5300,5.4900
24/01/2011,5.5500,5.5000
25/01/2011,5.5700,5.5100
26/01/2011,5.5700,5.5100
27/01/2011,5.5800,5.5300
28/01/2011,5.6400,5.5300
31/01/2011,5.6700,5.5100
01/02/2011,5.6700,5.5100
02/02/2011,5.6500,5.5000
03/02/2011,5.6400,5.4800
04/02/2011,5.6600,5.4800
07/02/2011,5.6700,5.4500
08/02/2011,5.4500,5.4500
09/02/2011,5.4700,5.4500
10/02/2011,5.4800,5.4500
11/02/2011,5.4900,5.4600
14/02/2011,5.5300,5.4400
15/02/2011,5.5300,5.4300
16/02/2011,5.5300,5.4200
17/02/2011,5.5300,5.4100
18/02/2011,5.5300,5.4100
21/02/2011,5.5600,5.3800
22/02/2011,5.5500,5.3700
23/02/2011,5.5500,5.3600
24/02/2011,5.5600,5.3500
25/02/2011,5.5600,5.3500
28/02/2011,5.5500,5.3500
01/03/2011,5.5500,5.3500
02/03/2011,5.5500,5.3400
03/03/2011,5.5500,5.3300
04/03/2011,5.3400,5.3400
09/03/2011,5.3500,5.3300
10/03/2011,5.3400,5.3400
11/03/2011,5.3500,5.3500
14/03/2011,5.3100,5.3200
15/03/2011,5.3100,5.3100
16/03/2011,5.3500,5.3100
17/03/2011,5.3500,5.3400
18/03/2011,5.4300,5.3600
21/03/2011,5.4300,5.3500
22/03/2011,5.4800,5.3900
23/03/2011,5.4900,5.3900
24/03/2011,5.4900,5.4500
25/03/2011,5.4900,5.4500
28/03/2011,5.4900,5.3600
29/03/2011,5.4900,5.3500
30/03/2011,5.4900,5.3400
31/03/2011,5.5600,5.3400
01/04/2011,5.6000,5.3500
04/04/2011,5.6000,5.3400
05/04/2011,5.6000,5.3400
06/04/2011,5.6000,5.3400
07/04/2011,5.4000,5.3800
08/04/2011,5.4300,5.4100
11/04/2011,5.4300,5.3900
12/04/2011,5.4300,5.3900
13/04/2011,5.4300,5.3800
14/04/2011,5.4500,5.3700
15/04/2011,5.5000,5.4200
18/04/2011,5.5500,5.4000
19/04/2011,5.6000,5.4200
20/04/2011,5.6100,5.4200
25/04/2011,5.6100,5.3700
26/04/2011,5.6100,5.3600
27/04/2011,5.6300,5.3600
28/04/2011,5.6200,5.3500
29/04/2011,5.6200,5.3400
02/05/2011,5.6200,5.3100
03/05/2011,5.6400,5.3000
04/05/2011,5.6400,5.2900
05/05/2011,5.6300,5.2700
06/05/2011,5.2700,5.2700
09/05/2011,5.2700,5.2700
10/05/2011,5.2600,5.2300
11/05/2011,5.2600,5.2300
12/05/2011,5.2600,5.2200
13/05/2011,5.2600,5.2200
16/05/2011,5.2600,5.2000
17/05/2011,5.2600,5.2000
18/05/2011,5.2400,5.1900
19/05/2011,5.1900,5.1400
20/05/2011,5.1800,5.1100
23/05/2011,5.1800,5.1100
24/05/2011,5.1700,5.0900
25/05/2011,5.1500,5.0800
26/05/2011,5.1200,5.0700
27/05/2011,5.1200,5.0400
30/05/2011,5.1300,5.0200
31/05/2011,5.1400,5.0400
01/06/2011,5.1600,5.0600
02/06/2011,5.1600,5.0500
03/06/2011,5.1300,5.0400
06/06/2011,5.1400,5.0400
07/06/2011,5.0300,5.0400
08/06/2011,5.0200,5.0100
09/06/2011,5.0000,5.0200
10/06/2011,5.0200,5.0400
13/06/2011,5.0100,5.0600
14/06/2011,5.0100,5.0700
15/06/2011,5.0100,5.0800
16/06/2011,5.0100,5.0900
17/06/2011,5.0000,5.0700
20/06/2011,5.0300,5.0900
21/06/2011,5.0300,5.1000
22/06/2011,5.0300,5.1100
24/06/2011,5.0300,5.1500
27/06/2011,5.0300,5.1900
28/06/2011,5.0300,5.2000
29/06/2011,5.0300,5.2100
30/06/2011,5.0300,5.1800
01/07/2011,5.0300,5.1900
04/07/2011,5.0000,5.2200
05/07/2011,5.0300,5.2300
06/07/2011,5.0000,5.2600
07/07/2011,5.2800,5.2900
08/07/2011,5.2900,5.2900
11/07/2011,5.2900,5.3200
12/07/2011,5.3000,5.3300
13/07/2011,5.3000,5.3400
14/07/2011,5.3000,5.3500
15/07/2011,5.3500,5.3700
18/07/2011,5.3200,5.3900
19/07/2011,5.3400,5.4000
20/07/2011,5.3400,5.4000
21/07/2011,5.3300,5.4000
22/07/2011,5.3300,5.4000
25/07/2011,5.3200,5.4300
26/07/2011,5.3200,5.4400
27/07/2011,5.3200,5.4100
28/07/2011,5.3200,5.4200
29/07/2011,5.3200,5.4000
01/08/2011,5.3200,5.4100
02/08/2011,5.3100,5.4200
03/08/2011,5.3200,5.4200
04/08/2011,5.3100,5.4200
05/08/2011,5.4200,5.4200
08/08/2011,5.4200,5.4200
09/08/2011,5.4200,5.4300
10/08/2011,5.4200,5.4300
11/08/2011,5.4300,5.4400
12/08/2011,5.4300,5.4400
15/08/2011,5.4300,5.4500
16/08/2011,5.4300,5.4600
17/08/2011,5.4300,5.4500
18/08/2011,5.4300,5.4500
19/08/2011,5.4100,5.4300
22/08/2011,5.4200,5.4300
23/08/2011,5.4300,5.4500
24/08/2011,5.4300,5.4700
25/08/2011,5.4300,5.4700
26/08/2011,5.4400,5.4700
29/08/2011,5.4400,5.4700
30/08/2011,5.4400,5.4700
31/08/2011,5.4300,5.4500
01/09/2011,5.4900,5.4900
02/09/2011,5.5300,5.5300
05/09/2011,5.5300,5.5300
06/09/2011,5.5800,5.5800
08/09/2011,5.6500,5.6400
09/09/2011,5.6700,5.6600
12/09/2011,5.7100,5.6900
13/09/2011,5.7200,5.6800
14/09/2011,5.7200,5.7000
15/09/2011,5.7400,5.7100
16/09/2011,5.7500,5.7100
19/09/2011,5.7800,5.7100
20/09/2011,5.8000,5.7200
21/09/2011,5.8000,5.7100
22/09/2011,5.8000,5.7100
23/09/2011,5.8200,5.7600
26/09/2011,5.8300,5.7400
27/09/2011,5.8500,5.7400
28/09/2011,5.8400,5.7100
29/09/2011,5.8400,5.7000
30/09/2011,5.8400,5.7100
03/10/2011,5.8400,5.7000
04/10/2011,5.8200,5.6800
05/10/2011,5.8200,5.6800
06/10/2011,5.8300,5.6800
07/10/2011,5.6900,5.6900
10/10/2011,5.6800,5.6900
11/10/2011,5.6900,5.6900
13/10/2011,5.6800,5.6900
14/10/2011,5.6800,5.6800
17/10/2011,5.6600,5.6600
18/10/2011,5.6600,5.6400
19/10/2011,5.6500,5.6400
20/10/2011,5.6400,5.6400
21/10/2011,5.6400,5.6400
24/10/2011,5.6400,5.6500
25/10/2011,5.6400,5.6500
26/10/2011,5.6300,5.6500
27/10/2011,5.6400,5.6500
28/10/2011,5.6200,5.6200
31/10/2011,5.6200,5.6200
01/11/2011,5.6200,5.6300
03/11/2011,5.6200,5.6300
04/11/2011,5.6200,5.6300
07/11/2011,5.6200,5.6200
08/11/2011,5.6100,5.6200
09/11/2011,5.6100,5.6200
10/11/2011,5.6100,5.6200
11/11/2011,5.6200,5.6200
14/11/2011,5.6200,5.6200
16/11/2011,5.6300,5.6300
17/11/2011,5.6300,5.6300
18/11/2011,5.6200,5.6200
21/11/2011,5.6100,5.6000
22/11/2011,5.6000,5.5700
23/11/2011,5.6000,5.5900
24/11/2011,5.6000,5.5800
25/11/2011,5.6100,5.5800
28/11/2011,5.6000,5.5800
29/11/2011,5.6000,5.5800
30/11/2011,5.5600,5.5400
01/12/2011,5.5200,5.4800
02/12/2011,5.4900,5.4700
05/12/2011,5.4600,5.4600
06/12/2011,5.4600,5.4500
07/12/2011,5.4600,5.4500
08/12/2011,5.4500,5.4500
09/12/2011,5.4500,5.4400
12/12/2011,5.4500,5.4300
13/12/2011,5.4300,5.4200
14/12/2011,5.4300,5.4200
15/12/2011,5.4000,5.4100
16/12/2011,5.4000,5.4000
19/12/2011,5.4200,5.3900
20/12/2011,5.3800,5.3800
21/12/2011,5.3800,5.3500
22/12/2011,5.3400,5.3300
23/12/2011,5.3400,5.3300
26/12/2011,5.3300,5.3200
27/12/2011,5.3300,5.3200
28/12/2011,5.3300,5.3200
29/12/2011,5.3300,5.3100
30/12/2011,5.3500,5.3300
02/01/2012,5.3500,5.3400
03/01/2012,5.3700,5.3400
04/01/2012,5.3600,5.3300
05/01/2012,5.3600,5.3300
06/01/2012,5.3100,5.3800
09/01/2012,5.3000,5.3600
10/01/2012,5.3000,5.3400
11/01/2012,5.3000,5.3400
12/01/2012,5.3000,5.3300
13/01/2012,5.3000,5.3200
16/01/2012,5.2900,5.3300
17/01/2012,5.3000,5.3400
18/01/2012,5.2900,5.3100
19/01/2012,5.2900,5.3100
20/01/2012,5.2900,5.3000
23/01/2012,5.2700,5.2900
24/01/2012,5.2700,5.2900
25/01/2012,5.2700,5.2900
26/01/2012,5.2800,5.3000
27/01/2012,5.2800,5.3000
30/01/2012,5.2900,5.3100
31/01/2012,5.2900,5.3100
01/02/2012,5.2900,5.3100
02/02/2012,5.2900,5.3100
03/02/2012,5.2900,5.3000
06/02/2012,5.2900,5.3000
07/02/2012,5.2900,5.3000
08/02/2012,5.2800,5.3000
09/02/2012,5.2700,5.2900
10/02/2012,5.2900,5.3000
13/02/2012,5.2900,5.3000
14/02/2012,5.3000,5.3100
15/02/2012,5.2900,5.2900
16/02/2012,5.2700,5.2700
17/02/2012,5.2700,5.2700
22/02/2012,5.2700,5.3000
23/02/2012,5.2500,5.2900
24/02/2012,5.2400,5.2800
27/02/2012,5.2400,5.2900
28/02/2012,5.2400,5.2900
29/02/2012,5.2400,5.3000
01/03/2012,5.2400,5.3200
02/03/2012,5.2600,5.3100
05/03/2012,5.2800,5.3300
06/03/2012,5.2800,5.3400
07/03/2012,5.2900,5.3300
08/03/2012,5.3000,5.3800
09/03/2012,5.3700,5.3600
12/03/2012,5.3800,5.3700
13/03/2012,5.3900,5.3700
14/03/2012,5.3900,5.3700
15/03/2012,5.3900,5.3900
16/03/2012,5.3800,5.3700
19/03/2012,5.3800,5.3900
20/03/2012,5.3800,5.3900
21/03/2012,5.3900,5.3900
22/03/2012,5.4000,5.4000
23/03/2012,5.4000,5.4100
26/03/2012,5.4000,5.4100
27/03/2012,5.4000,5.4100
28/03/2012,5.3800,5.4000
29/03/2012,5.3800,5.4100
30/03/2012,5.3800,5.4000
02/04/2012,5.3700,5.4300
03/04/2012,5.3700,5.4300
04/04/2012,5.3700,5.4400
05/04/2012,5.4400,5.4400
09/04/2012,5.4600,5.4500
10/04/2012,5.4600,5.4500
11/04/2012,5.4600,5.4500
12/04/2012,5.4800,5.4700
13/04/2012,5.4800,5.4700
16/04/2012,5.4800,5.4600
17/04/2012,5.4800,5.4500
18/04/2012,5.4800,5.4500
19/04/2012,5.4800,5.4500
20/04/2012,5.4800,5.4700
23/04/2012,5.5300,5.5200
24/04/2012,5.5400,5.5200
25/04/2012,5.5500,5.5200
26/04/2012,5.5500,5.5200
27/04/2012,5.5600,5.5300
30/04/2012,5.5800,5.5400
02/05/2012,5.5800,5.5400
03/05/2012,5.5800,5.5400
04/05/2012,5.5700,5.5300
07/05/2012,5.5900,5.5300
08/05/2012,5.5900,5.5300
09/05/2012,5.5300,5.5300
10/05/2012,5.5300,5.5300
11/05/2012,5.5300,5.5300
14/05/2012,5.5300,5.5300
15/05/2012,5.5300,5.5200
16/05/2012,5.5300,5.5200
17/05/2012,5.5300,5.5200
18/05/2012,5.5300,5.5100
21/05/2012,5.5500,5.5400
22/05/2012,5.5400,5.5200
23/05/2012,5.5400,5.5200
24/05/2012,5.5400,5.5100
25/05/2012,5.5300,5.5200
28/05/2012,5.5400,5.5000
29/05/2012,5.5400,5.5000
30/05/2012,5.5200,5.4900
31/05/2012,5.5200,5.5000
01/06/2012,5.5300,5.5000
04/06/2012,5.5300,5.5000
05/06/2012,5.5300,5.5000
06/06/2012,5.4800,5.4900
08/06/2012,5.4900,5.5000
11/06/2012,5.4800,5.5000
12/06/2012,5.4900,5.5000
13/06/2012,5.5000,5.5000
14/06/2012,5.4900,5.5000
15/06/2012,5.4700,5.4900
18/06/2012,5.4700,5.5000
19/06/2012,5.4700,5.5000
20/06/2012,5.4300,5.4700
21/06/2012,5.4200,5.4700
22/06/2012,5.4200,5.4800
25/06/2012,5.4100,5.4800
26/06/2012,5.4100,5.4900
27/06/2012,5.3900,5.4900
28/06/2012,5.3900,5.5000
29/06/2012,5.4100,5.5000
02/07/2012,5.4100,5.5200
03/07/2012,5.4000,5.5200
04/07/2012,5.3900,5.5200
05/07/2012,5.3900,5.5200
06/07/2012,5.5300,5.5300
09/07/2012,5.5300,5.5400
10/07/2012,5.5300,5.5400
11/07/2012,5.5300,5.5400
12/07/2012,5.5200,5.5300
13/07/2012,5.5100,5.5300
16/07/2012,5.5000,5.5400
17/07/2012,5.5100,5.5400
18/07/2012,5.5200,5.5600
19/07/2012,5.5300,5.5600
20/07/2012,5.5400,5.5600
23/07/2012,5.5400,5.5600
24/07/2012,5.5400,5.5700
25/07/2012,5.5400,5.5500
26/07/2012,5.5200,5.5400
27/07/2012,5.5400,5.5500
30/07/2012,5.5400,5.5600
31/07/2012,5.5400,5.5600
01/08/2012,5.5500,5.5500
02/08/2012,5.5500,5.5500
03/08/2012,5.5600,5.5800
06/08/2012,5.5700,5.5800
07/08/2012,5.5800,5.5600
08/08/2012,5.6000,5.6200
09/08/2012,5.5800,5.5900
10/08/2012,5.6200,5.6100
13/08/2012,5.6200,5.6100
14/08/2012,5.6200,5.6100
15/08/2012,5.6300,5.6100
16/08/2012,5.6300,5.6200
17/08/2012,5.6700,5.6600
20/08/2012,5.6800,5.6600
21/08/2012,5.6800,5.6500
22/08/2012,5.6800,5.6500
23/08/2012,5.6800,5.6500
24/08/2012,5.6800,5.6400
27/08/2012,5.6800,5.6400
28/08/2012,5.6800,5.6300
29/08/2012,5.6800,5.6400
30/08/2012,5.6800,5.6300
31/08/2012,5.6800,5.6500
03/09/2012,5.6800,5.6400
04/09/2012,5.6800,5.6500
05/09/2012,5.6600,5.6600
06/09/2012,5.6600,5.6700
10/09/2012,5.6700,5.6500
11/09/2012,5.6700,5.6500
12/09/2012,5.6600,5.6400
13/09/2012,5.6500,5.6300
14/09/2012,5.6400,5.6200
17/09/2012,5.6600,5.6200
18/09/2012,5.6700,5.6200
19/09/2012,5.6700,5.6000
20/09/2012,5.6700,5.5900
21/09/2012,5.6600,5.5900
24/09/2012,5.6300,5.5400
25/09/2012,5.6300,5.5400
26/09/2012,5.6300,5.5400
27/09/2012,5.6300,5.5300
28/09/2012,5.6300,5.5200
01/10/2012,5.6100,5.4900
02/10/2012,5.6300,5.4900
03/10/2012,5.6100,5.4900
04/10/2012,5.6300,5.4800
05/10/2012,5.4900,5.5000
08/10/2012,5.5000,5.5000
09/10/2012,5.5000,5.5000
10/10/2012,5.5000,5.4900
11/10/2012,5.5000,5.4900
15/10/2012,5.5000,5.4800
16/10/2012,5.5100,5.4800
17/10/2012,5.4900,5.4600
18/10/2012,5.4900,5.4300
19/10/2012,5.4700,5.4100
22/10/2012,5.4700,5.4100
23/10/2012,5.4700,5.4100
24/10/2012,5.4700,5.4100
25/10/2012,5.4700,5.4100
26/10/2012,5.4700,5.4000
29/10/2012,5.4700,5.3900
30/10/2012,5.4700,5.3800
31/10/2012,5.4700,5.3700
01/11/2012,5.4700,5.3700
05/11/2012,5.4600,5.3600
06/11/2012,5.4600,5.3600
07/11/2012,5.3600,5.3600
08/11/2012,5.3500,5.3400
09/11/2012,5.3300,5.3300
12/11/2012,5.3300,5.3400
13/11/2012,5.3400,5.3500
14/11/2012,5.3400,5.3500
16/11/2012,5.3400,5.3400
19/11/2012,5.3300,5.3500
20/11/2012,5.3400,5.3500
21/11/2012,5.3200,5.3600
22/11/2012,5.3300,5.3600
23/11/2012,5.3300,5.3700
26/11/2012,5.3300,5.3700
27/11/2012,5.3300,5.3700
28/11/2012,5.3300,5.3700
29/11/2012,5.3300,5.3800
30/11/2012,5.3500,5.3900
03/12/2012,5.3500,5.3900
04/12/2012,5.3500,5.3900
05/12/2012,5.3500,5.4000
06/12/2012,5.3500,5.4000
07/12/2012,5.4400,5.4400
10/12/2012,5.4400,5.4400
11/12/2012,5.4500,5.4400
12/12/2012,5.4500,5.4400
13/12/2012,5.4600,5.4600
14/12/2012,5.4700,5.4600
17/12/2012,5.4900,5.4800
18/12/2012,5.5600,5.5400
19/12/2012,5.5800,5.5500
20/12/2012,5.5800,5.5400
21/12/2012,5.6100,5.5500
24/12/2012,5.6200,5.5500
26/12/2012,5.6400,5.5400
27/12/2012,5.6400,5.5400
28/12/2012,5.6400,5.5300
31/12/2012,5.6400,5.5200
02/01/2013,5.6700,5.5200
03/01/2013,5.6700,5.5200
04/01/2013,5.6700,5.5200
07/01/2013,5.6700,5.5000
08/01/2013,5.6900,5.5300
09/01/2013,5.7100,5.5200
10/01/2013,5.5100,5.5400
11/01/2013,5.5300,5.5300
14/01/2013,5.5800,5.5500
15/01/2013,5.5800,5.5500
16/01/2013,5.5900,5.5400
17/01/2013,5.6100,5.5500
18/01/2013,5.6500,5.5600
21/01/2013,5.6700,5.5900
22/01/2013,5.6600,5.5400
23/01/2013,5.6700,5.5300
24/01/2013,5.6700,5.5400
25/01/2013,5.6700,5.5300
28/01/2013,5.6700,5.4900
29/01/2013,5.6700,5.4800
30/01/2013,5.6700,5.4700
31/01/2013,5.6800,5.4700
01/02/2013,5.6800,5.4700
04/02/2013,5.6900,5.4600
05/02/2013,5.6700,5.4500
06/02/2013,5.6700,5.4500
07/02/2013,5.4600,5.4700
08/02/2013,5.4600,5.4900
13/02/2013,5.4600,5.5200
14/02/2013,5.4600,5.5400
15/02/2013,5.4600,5.5300
18/02/2013,5.4700,5.5600
19/02/2013,5.4700,5.5700
20/02/2013,5.4600,5.5800
21/02/2013,5.4100,5.4900
22/02/2013,5.4100,5.4900
25/02/2013,5.4200,5.5600
26/02/2013,5.4200,5.5600
27/02/2013,5.4400,5.6100
28/02/2013,5.4400,5.6200
01/03/2013,5.4400,5.6200
04/03/2013,5.4300,5.6200
05/03/2013,5.4300,5.6200
06/03/2013,5.4600,5.6600
07/03/2013,5.4000,5.4800
08/03/2013,5.5000,5.5100
11/03/2013,5.4700,5.4800
12/03/2013,5.4700,5.4500
13/03/2013,5.4700,5.4500
14/03/2013,5.4700,5.4500
15/03/2013,5.4600,5.4500
18/03/2013,5.4600,5.4500
19/03/2013,5.4600,5.4500
20/03/2013,5.4700,5.4400
21/03/2013,5.4400,5.4300
22/03/2013,5.4300,5.4200
25/03/2013,5.4300,5.4300
26/03/2013,5.4300,5.4300
27/03/2013,5.4300,5.4300
28/03/2013,5.4300,5.4300
01/04/2013,5.4500,5.4400
02/04/2013,5.4500,5.4400
03/04/2013,5.4300,5.4400
04/04/2013,5.4300,5.4300
05/04/2013,5.4200,5.4300
08/04/2013,5.4200,5.4100
09/04/2013,5.4400,5.4300
10/04/2013,5.4800,5.4800
11/04/2013,5.4500,5.4500
12/04/2013,5.4200,5.4200
15/04/2013,5.4300,5.4400
16/04/2013,5.4400,5.4500
17/04/2013,5.5100,5.5600
18/04/2013,5.4700,5.5100
19/04/2013,5.5000,5.5300
22/04/2013,5.5000,5.5500
23/04/2013,5.4700,5.5400
24/04/2013,5.4600,5.5400
25/04/2013,5.4900,5.5400
26/04/2013,5.4900,5.5500
29/04/2013,5.5000,5.5800
30/04/2013,5.5000,5.5800
02/05/2013,5.4900,5.5600
03/05/2013,5.5200,5.5900
06/05/2013,5.5000,5.6100
07/05/2013,5.5000,5.5900
08/05/2013,5.5900,5.5900
09/05/2013,5.5700,5.5800
10/05/2013,5.5700,5.5700
13/05/2013,5.5900,5.6000
14/05/2013,5.6300,5.6300
15/05/2013,5.5900,5.6000
16/05/2013,5.5900,5.6100
17/05/2013,5.6300,5.6400
20/05/2013,5.6100,5.6500
21/05/2013,5.6600,5.6700
22/05/2013,5.6600,5.6600
23/05/2013,5.6500,5.6600
24/05/2013,5.6500,5.6600
27/05/2013,5.5900,5.6600
28/05/2013,5.5900,5.6700
29/05/2013,5.5900,5.6700
31/05/2013,5.5900,5.6700
03/06/2013,5.5900,5.6500
04/06/2013,5.5500,5.6300
05/06/2013,5.5500,5.6300
06/06/2013,5.5500,5.6300
07/06/2013,5.6600,5.6500
10/06/2013,5.7100,5.6800
11/06/2013,5.7200,5.6900
12/06/2013,5.7200,5.6800
13/06/2013,5.7300,5.6900
14/06/2013,5.7300,5.6900
17/06/2013,5.7400,5.6800
18/06/2013,5.7400,5.6700
19/06/2013,5.7400,5.6700
20/06/2013,5.7200,5.6600
21/06/2013,5.7400,5.6600
24/06/2013,5.7400,5.6500
25/06/2013,5.7400,5.6500
26/06/2013,5.7400,5.6500
27/06/2013,5.7400,5.6500
28/06/2013,5.7400,5.6500
01/07/2013,5.7800,5.7000
02/07/2013,5.7700,5.6700
03/07/2013,5.7700,5.6700
04/07/2013,5.7800,5.7000
05/07/2013,5.6700,5.6700
08/07/2013,5.6400,5.6600
09/07/2013,5.6400,5.6700
10/07/2013,5.6600,5.6700
11/07/2013,5.6300,5.6800
12/07/2013,5.6100,5.6800
15/07/2013,5.6100,5.7000
16/07/2013,5.6100,5.7200
17/07/2013,5.6000,5.7300
18/07/2013,5.6100,5.7800
19/07/2013,5.6000,5.7800
22/07/2013,5.6100,5.8000
23/07/2013,5.6100,5.8100
24/07/2013,5.6100,5.8200
25/07/2013,5.6200,5.8300
26/07/2013,5.6100,5.8300
29/07/2013,5.6200,5.8600
30/07/2013,5.6200,5.8800
31/07/2013,5.6300,5.8900
01/08/2013,5.6200,5.9000
02/08/2013,5.6300,5.9300
05/08/2013,5.6700,5.9700
06/08/2013,5.6700,5.9500
07/08/2013,5.9300,5.9300
08/08/2013,5.9500,5.9500
09/08/2013,5.9500,5.9500
12/08/2013,5.9800,5.9700
13/08/2013,5.9800,5.9700
14/08/2013,5.9800,5.9700
15/08/2013,5.9500,5.9600
16/08/2013,5.9600,5.9700
19/08/2013,5.9900,5.9800
20/08/2013,6.0100,6.0100
21/08/2013,6.0100,6.0100
22/08/2013,6.0100,6.0600
23/08/2013,6.0200,6.0800
26/08/2013,6.0200,6.0900
27/08/2013,6.0200,6.1000
28/08/2013,6.0200,6.1000
29/08/2013,6.0400,6.1100
30/08/2013,6.0800,6.1200
02/09/2013,6.0900,6.1300
03/09/2013,6.0900,6.1300
04/09/2013,6.1000,6.1400
05/09/2013,6.1000,6.1400
06/09/2013,6.1300,6.1300
09/09/2013,6.1800,6.2000
10/09/2013,6.2200,6.2100
11/09/2013,6.2200,6.2100
12/09/2013,6.2200,6.2100
13/09/2013,6.2200,6.2100
16/09/2013,6.2200,6.2000
17/09/2013,6.2100,6.1900
18/09/2013,6.2200,6.2100
19/09/2013,6.2300,6.2200
20/09/2013,6.1900,6.2000
23/09/2013,6.1900,6.2100
24/09/2013,6.1900,6.2100
25/09/2013,6.1900,6.2100
26/09/2013,6.1900,6.2100
27/09/2013,6.1900,6.2100
30/09/2013,6.1900,6.2200
01/10/2013,6.2000,6.2500
02/10/2013,6.2000,6.2300
03/10/2013,6.2100,6.2400
04/10/2013,6.1900,6.2300
07/10/2013,6.1900,6.2400
08/10/2013,6.2000,6.2500
09/10/2013,6.2400,6.2400
10/10/2013,6.2400,6.2400
11/10/2013,6.2400,6.2400
14/10/2013,6.2400,6.2300
15/10/2013,6.2400,6.2300
16/10/2013,6.2400,6.2200
17/10/2013,6.2700,6.2600
18/10/2013,6.2800,6.2500
21/10/2013,6.2900,6.2400
22/10/2013,6.2800,6.2300
23/10/2013,6.2800,6.2300
24/10/2013,6.2800,6.2300
25/10/2013,6.2800,6.2200
28/10/2013,6.2800,6.2000
29/10/2013,6.2800,6.2000
30/10/2013,6.2800,6.1900
31/10/2013,6.2800,6.1900
01/11/2013,6.2800,6.2100
04/11/2013,6.2900,6.2100
05/11/2013,6.2900,6.1900
06/11/2013,6.2900,6.2000
07/11/2013,6.2200,6.2300
08/11/2013,6.1800,6.1800
11/11/2013,6.1900,6.1800
12/11/2013,6.1700,6.1400
13/11/2013,6.1700,6.1400
14/11/2013,6.1700,6.1400
18/11/2013,6.1700,6.1400
19/11/2013,6.1600,6.1400
20/11/2013,6.1700,6.1400
21/11/2013,6.1800,6.1400
22/11/2013,6.1800,6.1400
25/11/2013,6.1800,6.1100
26/11/2013,6.1800,6.1100
27/11/2013,6.1800,6.1000
28/11/2013,6.1700,6.0900
29/11/2013,6.1700,6.0900
02/12/2013,6.1700,6.0700
03/12/2013,6.1700,6.0600
04/12/2013,6.1700,6.0600
05/12/2013,6.1700,6.0600
06/12/2013,6.0600,6.0400
09/12/2013,6.0700,6.0500
10/12/2013,6.0700,6.0500
11/12/2013,6.0800,6.0500
12/12/2013,6.0800,6.0500
13/12/2013,6.0600,6.0300
16/12/2013,6.0800,6.0500
17/12/2013,6.0900,6.0500
18/12/2013,6.0900,6.0500
19/12/2013,6.1000,6.0500
20/12/2013,6.1100,6.0500
23/12/2013,6.1000,6.0400
24/12/2013,6.1000,6.0400
26/12/2013,6.1100,6.0300
27/12/2013,6.1200,6.0300
30/12/2013,6.1100,6.0100
31/12/2013,6.1100,6.0100
02/01/2014,6.1100,6.0000
03/01/2014,6.1300,6.0000
06/01/2014,6.1400,5.9900
07/01/2014,6.1300,6.0000
08/01/2014,6.1400,6.0000
09/01/2014,6.1400,6.0000
10/01/2014,6.0000,5.9900
13/01/2014,6.0100,6.0000
14/01/2014,6.0100,5.9900
15/01/2014,6.0100,5.9800
16/01/2014,6.0100,5.9800
17/01/2014,6.0100,5.9800
20/01/2014,6.0100,5.9800
21/01/2014,6.0100,5.9800
22/01/2014,6.0200,5.9900
23/01/2014,6.0200,5.9900
24/01/2014,6.0200,5.9900
27/01/2014,6.0200,5.9900
28/01/2014,6.0100,5.9900
29/01/2014,6.0100,5.9900
30/01/2014,6.0100,6.0000
31/01/2014,6.0000,6.0000
03/02/2014,6.0000,5.9900
04/02/2014,6.0000,6.0000
05/02/2014,6.0000,6.0000
06/02/2014,6.0000,6.0000
07/02/2014,6.0100,6.0000
10/02/2014,6.0100,6.0100
11/02/2014,6.0300,6.0400
12/02/2014,6.0300,6.0200
13/02/2014,6.0300,6.0200
14/02/2014,6.0500,6.0500
17/02/2014,6.0700,6.0700
18/02/2014,6.1100,6.0900
19/02/2014,6.1100,6.1100
20/02/2014,6.1200,6.1100
21/02/2014,6.1200,6.1100
24/02/2014,6.1300,6.1200
25/02/2014,6.1200,6.1200
26/02/2014,6.1300,6.1200
27/02/2014,6.1600,6.1300
28/02/2014,6.1600,6.1200
05/03/2014,6.1600,6.1200
06/03/2014,6.1600,6.1200
07/03/2014,6.1600,6.1200
10/03/2014,6.1700,6.1200
11/03/2014,6.1700,6.1300
12/03/2014,6.1300,6.1200
13/03/2014,6.1300,6.1200
14/03/2014,6.1300,6.1200
17/03/2014,6.1700,6.1300
18/03/2014,6.2200,6.1400
19/03/2014,6.2200,6.1300
20/03/2014,6.3200,6.2100
21/03/2014,6.3200,6.2000
24/03/2014,6.3200,6.1700
25/03/2014,6.3200,6.1600
26/03/2014,6.3200,6.1500
27/03/2014,6.3200,6.1500
28/03/2014,6.3200,6.1400
31/03/2014,6.3200,6.1000
01/04/2014,6.3200,6.0900
02/04/2014,6.3300,6.0800
03/04/2014,6.3300,6.0800
04/04/2014,6.3300,6.0700
07/04/2014,6.3900,6.0300
08/04/2014,6.3900,6.0200
09/04/2014,6.0600,6.0500
10/04/2014,6.0800,6.0600
11/04/2014,6.1400,6.1200
14/04/2014,6.0900,6.0500
15/04/2014,6.1100,6.0600
16/04/2014,6.1800,6.0800
17/04/2014,6.1700,6.0700
22/04/2014,6.1700,6.0200
23/04/2014,6.1700,6.0100
24/04/2014,6.1700,6.0100
25/04/2014,6.1700,6.0000
28/04/2014,6.1700,5.9700
29/04/2014,6.1700,5.9700
30/04/2014,6.1700,5.9500
02/05/2014,6.1800,5.9300
05/05/2014,6.1800,5.9100
06/05/2014,6.1800,5.9000
07/05/2014,6.1800,5.8900
08/05/2014,6.1900,5.8800
09/05/2014,5.8800,5.8800
12/05/2014,5.8800,5.8700
13/05/2014,5.8800,5.8700
14/05/2014,5.8800,5.8700
15/05/2014,5.8800,5.8700
16/05/2014,5.8900,5.8800
19/05/2014,5.8800,5.8700
20/05/2014,5.9900,5.9600
21/05/2014,5.9900,5.9600
22/05/2014,5.9900,5.9600
23/05/2014,5.9900,5.9600
26/05/2014,6.0100,6.0100
27/05/2014,6.0100,6.0100
28/05/2014,6.0100,6.0100
29/05/2014,6.0100,6.0100
30/05/2014,6.0000,6.0100
02/06/2014,6.0000,5.9600
03/06/2014,6.0000,5.9600
04/06/2014,6.0000,5.9600
05/06/2014,6.0000,5.9700
06/06/2014,5.9700,6.0100
09/06/2014,5.9300,5.9500
10/06/2014,5.9300,5.9400
11/06/2014,5.9300,5.9400
12/06/2014,5.9300,5.9400
13/06/2014,5.9300,5.9100
16/06/2014,5.9000,5.8500
17/06/2014,5.9600,5.9300
18/06/2014,5.9600,5.9300
20/06/2014,5.9400,5.9100
23/06/2014,5.9600,5.9100
24/06/2014,5.9600,5.9100
25/06/2014,5.9600,5.9100
26/06/2014,5.9600,5.9100
27/06/2014,5.9600,5.9100
30/06/2014,5.9600,5.9000
01/07/2014,5.9700,5.8900
02/07/2014,5.9700,5.8900
03/07/2014,5.9700,5.8900
04/07/2014,5.9700,5.8900
07/07/2014,5.9800,5.9000
08/07/2014,5.9000,5.9100
09/07/2014,5.9000,5.9200
10/07/2014,5.8900,5.9200
11/07/2014,5.8900,5.9200
14/07/2014,5.9100,5.9500
15/07/2014,5.9400,5.9600
16/07/2014,5.9100,5.9700
17/07/2014,5.9400,5.9700
18/07/2014,5.8500,5.9500
21/07/2014,5.8500,5.9100
22/07/2014,5.8500,5.9500
23/07/2014,5.8500,5.9300
24/07/2014,5.8300,5.9400
25/07/2014,5.8300,5.9400
28/07/2014,5.8500,5.9900
29/07/2014,5.8500,6.0000
30/07/2014,5.8500,6.0000
31/07/2014,5.8500,6.0300
01/08/2014,5.8500,6.0300
04/08/2014,5.8500,6.0600
05/08/2014,5.8500,6.0800
06/08/2014,5.8500,6.0900
07/08/2014,5.8500,6.1300
08/08/2014,6.1600,6.1900
11/08/2014,6.1900,6.2100
12/08/2014,6.1800,6.2100
13/08/2014,6.1800,6.2200
14/08/2014,6.1800,6.2100
15/08/2014,6.1600,6.2100
18/08/2014,6.1500,6.2100
19/08/2014,6.1600,6.2100
20/08/2014,6.1600,6.2100
21/08/2014,6.1600,6.2100
22/08/2014,6.1600,6.2400
25/08/2014,6.1700,6.2700
26/08/2014,6.1700,6.2500
27/08/2014,6.1800,6.2300
28/08/2014,6.1800,6.2400
29/08/2014,6.1800,6.2400
01/09/2014,6.1700,6.2400
02/09/2014,6.1700,6.2300
03/09/2014,6.1700,6.2400
04/09/2014,6.1700,6.2400
05/09/2014,6.2400,6.2400
08/09/2014,6.2800,6.2900
09/09/2014,6.2900,6.2900
10/09/2014,6.2900,6.2900
11/09/2014,6.2900,6.2800
12/09/2014,6.2900,6.2800
15/09/2014,6.2900,6.2800
16/09/2014,6.3000,6.3000
17/09/2014,6.3000,6.3000
18/09/2014,6.3200,6.3200
19/09/2014,6.3200,6.3200
22/09/2014,6.3200,6.3200
23/09/2014,6.3200,6.3200
24/09/2014,6.3200,6.3200
25/09/2014,6.3400,6.3300
26/09/2014,6.3400,6.3300
29/09/2014,6.3400,6.3300
30/09/2014,6.3400,6.3300
01/10/2014,6.3700,6.3800
02/10/2014,6.3800,6.3800
03/10/2014,6.3800,6.3800
06/10/2014,6.3800,6.3700
07/10/2014,6.3800,6.3800
08/10/2014,6.3800,6.3800
09/10/2014,6.3800,6.3800
10/10/2014,6.3800,6.3800
13/10/2014,6.3800,6.3700
14/10/2014,6.3800,6.3800
15/10/2014,6.3800,6.3800
16/10/2014,6.3800,6.3700
17/10/2014,6.3800,6.3700
20/10/2014,6.3800,6.3600
21/10/2014,6.3800,6.3800
22/10/2014,6.3800,6.3700
23/10/2014,6.3800,6.3700
24/10/2014,6.3800,6.3700
27/10/2014,6.3800,6.3800
28/10/2014,6.3800,6.3700
29/10/2014,6.3800,6.3500
30/10/2014,6.3800,6.3700
31/10/2014,6.3800,6.3800
03/11/2014,6.3800,6.3700
04/11/2014,6.3900,6.3800
05/11/2014,6.3900,6.3800
06/11/2014,6.3900,6.3800
07/11/2014,6.4100,6.4200
10/11/2014,6.4300,6.4300
11/11/2014,6.4400,6.4300
12/11/2014,6.4300,6.4300
13/11/2014,6.4300,6.4300
14/11/2014,6.4300,6.4400
17/11/2014,6.4500,6.4600
18/11/2014,6.5500,6.5300
19/11/2014,6.5500,6.5300
20/11/2014,6.5500,6.5300
21/11/2014,6.5600,6.5500
24/11/2014,6.5600,6.5500
25/11/2014,6.5600,6.5500
26/11/2014,6.5700,6.5800
27/11/2014,6.5700,6.5800
28/11/2014,6.5700,6.5700
01/12/2014,6.5700,6.5800
02/12/2014,6.5900,6.5900
03/12/2014,6.5800,6.5900
04/12/2014,6.6000,6.6000
05/12/2014,6.6300,6.6300
08/12/2014,6.6400,6.6400
09/12/2014,6.6400,6.6300
10/12/2014,6.6400,6.6300
11/12/2014,6.6700,6.6500
12/12/2014,6.6500,6.6200
15/12/2014,6.6600,6.6200
16/12/2014,6.6600,6.6200
17/12/2014,6.6700,6.6200
18/12/2014,6.6800,6.6200
19/12/2014,6.6700,6.6200
22/12/2014,6.6700,6.6100
23/12/2014,6.6700,6.6100
24/12/2014,6.6700,6.6000
26/12/2014,6.6600,6.5900
29/12/2014,6.6700,6.6000
30/12/2014,6.6700,6.6100
31/12/2014,6.6700,6.6100
02/01/2015,6.6800,6.6000
05/01/2015,6.7300,6.5900
06/01/2015,6.7300,6.5900
07/01/2015,6.7500,6.6000
08/01/2015,6.7300,6.6100
09/01/2015,6.6000,6.6600
12/01/2015,6.6300,6.6200
13/01/2015,6.6200,6.6500
14/01/2015,6.6200,6.5800
15/01/2015,6.6300,6.6200
16/01/2015,6.6700,6.6600
19/01/2015,6.7200,6.5900
20/01/2015,6.7700,6.6100
21/01/2015,6.8000,6.6500
22/01/2015,6.9800,6.7000
23/01/2015,6.9900,6.6900
26/01/2015,6.9900,6.6400
27/01/2015,6.9900,6.6500
28/01/2015,6.9900,6.6400
29/01/2015,6.9900,6.6300
30/01/2015,7.0100,6.6100
02/02/2015,7.0100,6.5500
03/02/2015,7.0200,6.5400
04/02/2015,7.0300,6.5200
05/02/2015,7.0600,6.5600
06/02/2015,6.5700,6.5600
09/02/2015,6.5900,6.5400
10/02/2015,6.5900,6.5600
11/02/2015,6.5900,6.5500
12/02/2015,6.6500,6.5700
13/02/2015,6.6800,6.5600
18/02/2015,6.7000,6.5000
19/02/2015,6.7500,6.5700
20/02/2015,6.8000,6.5500
23/02/2015,6.8700,6.6100
24/02/2015,6.9000,6.5900
25/02/2015,6.9000,6.5700
26/02/2015,6.9000,6.5600
27/02/2015,6.9000,6.5400
02/03/2015,6.9200,6.4800
03/03/2015,6.9300,6.4700
04/03/2015,6.9200,6.4500
05/03/2015,6.9300,6.4300
06/03/2015,6.5400,6.5300
09/03/2015,6.5800,6.5200
10/03/2015,6.6100,6.5200
11/03/2015,6.5900,6.5000
12/03/2015,6.6800,6.5500
13/03/2015,6.7900,6.5800
16/03/2015,6.8100,6.5100
17/03/2015,6.8100,6.4800
18/03/2015,6.8800,6.5100
19/03/2015,6.9000,6.5200
20/03/2015,6.9000,6.4900
23/03/2015,6.9600,6.4300
24/03/2015,6.9600,6.4000
25/03/2015,6.9400,6.3700
26/03/2015,6.9400,6.3400
27/03/2015,6.9400,6.3000
30/03/2015,6.9600,6.2100
31/03/2015,6.9800,6.1700
01/04/2015,6.9800,6.1500
02/04/2015,6.9800,6.1100
06/04/2015,6.9900,6.0300
07/04/2015,6.9900,6.0100
08/04/2015,6.0100,6.0000
09/04/2015,6.0400,6.0000
10/04/2015,6.0100,5.9900
13/04/2015,6.0200,5.9700
14/04/2015,6.0200,5.9700
15/04/2015,6.0200,5.9600
16/04/2015,6.0900,6.0400
17/04/2015,6.1000,6.0400
20/04/2015,6.1000,6.0300
22/04/2015,6.1000,6.0100
23/04/2015,6.1200,6.0100
24/04/2015,6.1300,6.0000
27/04/2015,6.1300,5.9800
28/04/2015,6.1300,5.9700
29/04/2015,6.1300,5.9600
30/04/2015,6.1300,5.9600
04/05/2015,6.1300,5.9200
05/05/2015,6.1300,5.9200
06/05/2015,6.1300,5.9000
07/05/2015,6.1500,5.9200
08/05/2015,5.9300,5.9400
11/05/2015,5.9400,5.9300
12/05/2015,5.9400,5.9200
13/05/2015,5.9400,5.9200
14/05/2015,5.9800,5.9400
15/05/2015,5.9700,5.9300
18/05/2015,6.0000,5.9500
19/05/2015,6.0100,5.9500
20/05/2015,6.0100,5.9600
21/05/2015,6.1100,6.0300
22/05/2015,6.0900,6.0200
25/05/2015,6.1000,6.0100
26/05/2015,6.1100,6.0000
27/05/2015,6.1100,6.0000
28/05/2015,6.1200,5.9900
29/05/2015,6.1200,5.9900
01/06/2015,6.1200,5.9700
02/06/2015,6.1200,5.9700
03/06/2015,6.1200,5.9700
05/06/2015,6.1200,5.9500
08/06/2015,6.1400,5.9700
09/06/2015,6.1600,5.9700
10/06/2015,6.0300,6.0200
11/06/2015,6.1100,6.0900
12/06/2015,6.1400,6.1000
15/06/2015,6.1700,6.0900
16/06/2015,6.1700,6.0900
17/06/2015,6.1700,6.0900
18/06/2015,6.2700,6.1300
19/06/2015,6.3000,6.1300
22/06/2015,6.3100,6.0700
23/06/2015,6.3000,6.0400
24/06/2015,6.2900,6.0100
25/06/2015,6.3000,6.0000
26/06/2015,6.3100,5.9900
29/06/2015,6.3100,5.9400
30/06/2015,6.3600,5.9200
01/07/2015,6.3600,5.9100
02/07/2015,6.3600,5.9000
03/07/2015,6.3700,5.9200
06/07/2015,6.3600,5.8700
07/07/2015,6.3700,5.8200
08/07/2015,5.8500,5.8500
09/07/2015,5.8600,5.8500
10/07/2015,5.8700,5.8500
13/07/2015,5.8700,5.8200
14/07/2015,5.8800,5.8300
15/07/2015,5.9000,5.8400
16/07/2015,5.8900,5.8200
17/07/2015,5.9000,5.8000
20/07/2015,5.9100,5.7600
21/07/2015,5.9500,5.8000
22/07/2015,5.9500,5.7900
23/07/2015,5.9600,5.7700
24/07/2015,5.9600,5.7600
27/07/2015,5.9800,5.7200
28/07/2015,5.9800,5.7100
29/07/2015,5.9800,5.7000
30/07/2015,5.9800,5.6800
31/07/2015,5.9700,5.6700
03/08/2015,5.9600,5.6300
04/08/2015,5.9800,5.6200
05/08/2015,5.9900,5.6000
06/08/2015,6.0000,5.6000
07/08/2015,5.6000,5.5900
10/08/2015,5.6100,5.6000
11/08/2015,5.6400,5.6400
12/08/2015,5.6400,5.6400
13/08/2015,5.6400,5.6400
14/08/2015,5.6500,5.6500
17/08/2015,5.6700,5.6700
18/08/2015,5.6700,5.6700
19/08/2015,5.6400,5.6300
20/08/2015,5.6300,5.6300
21/08/2015,5.6000,5.6300
24/08/2015,5.6000,5.6200
25/08/2015,5.6000,5.6200
26/08/2015,5.6000,5.6400
27/08/2015,5.6000,5.6400
28/08/2015,5.6300,5.6500
31/08/2015,5.6300,5.6500
01/09/2015,5.6300,5.6500
02/09/2015,5.6300,5.6400
03/09/2015,5.6300,5.6400
04/09/2015,5.6500,5.6500
08/09/2015,5.7000,5.7000
09/09/2015,5.7300,5.7000
10/09/2015,5.7100,5.7100
11/09/2015,5.7400,5.7200
14/09/2015,5.7400,5.7200
15/09/2015,5.7400,5.7400
16/09/2015,5.7900,5.7600
17/09/2015,5.8100,5.8000
18/09/2015,5.8300,5.8200
21/09/2015,6.1000,6.0700
22/09/2015,6.1000,6.0700
23/09/2015,6.1000,6.0600
24/09/2015,6.1000,6.0600
25/09/2015,6.1000,6.0500
28/09/2015,6.1000,6.0500
29/09/2015,6.1000,6.0500
30/09/2015,6.1200,6.0500
01/10/2015,6.1700,6.0600
02/10/2015,6.2000,6.1100
05/10/2015,6.2100,6.1200
06/10/2015,6.2100,6.1100
07/10/2015,6.1700,6.1500
08/10/2015,6.2300,6.2300
09/10/2015,6.2600,6.2400
13/10/2015,6.3100,6.2600
14/10/2015,6.3100,6.2500
15/10/2015,6.3100,6.2400
16/10/2015,6.3500,6.2700
19/10/2015,6.3900,6.3100
20/10/2015,6.6300,6.5300
21/10/2015,6.6300,6.5200
22/10/2015,6.6300,6.5100
23/10/2015,6.6300,6.5000
26/10/2015,6.6400,6.4800
27/10/2015,6.6400,6.4700
28/10/2015,6.7000,6.4800
29/10/2015,6.7000,6.4700
30/10/2015,6.7200,6.4700
03/11/2015,6.7600,6.5000
04/11/2015,6.7800,6.4900
05/11/2015,6.7900,6.6100
06/11/2015,6.6700,6.7000
09/11/2015,6.6700,6.7200
10/11/2015,6.7300,6.7400
11/11/2015,6.7400,6.7200
12/11/2015,6.7400,6.7200
13/11/2015,6.7700,6.7600
16/11/2015,6.9000,6.8400
17/11/2015,6.9400,6.8700
18/11/2015,7.1900,7.1100
19/11/2015,7.2100,7.1100
20/11/2015,7.2300,7.1300
23/11/2015,7.2300,7.1300
24/11/2015,7.2700,7.1200
25/11/2015,7.2700,7.1200
26/11/2015,7.2700,7.1100
27/11/2015,7.2600,7.0800
30/11/2015,7.2600,7.0300
01/12/2015,7.2700,7.0300
02/12/2015,7.2700,7.0200
03/12/2015,7.2600,7.0000
04/12/2015,7.2600,6.9900
07/12/2015,7.3000,7.0300
08/12/2015,7.3200,6.9600
09/12/2015,6.9600,6.9900
10/12/2015,7.0300,7.0000
11/12/2015,7.0300,7.0100
14/12/2015,7.0300,6.9700
15/12/2015,7.0300,6.9600
16/12/2015,7.0400,6.9700
17/12/2015,7.1100,7.0500
18/12/2015,7.1200,7.0400
21/12/2015,7.1200,6.9900
22/12/2015,7.1200,6.9800
23/12/2015,7.1200,6.9800
24/12/2015,7.1200,6.9800
28/12/2015,7.1200,6.9400
29/12/2015,7.1200,6.9400
30/12/2015,7.1700,6.9500
31/12/2015,7.1800,6.9400
04/01/2016,7.2300,6.9100
05/01/2016,7.2300,6.9000
06/01/2016,7.2300,6.8900
07/01/2016,7.2300,6.8800
08/01/2016,6.9300,6.7900
11/01/2016,7.0000,6.7900
12/01/2016,7.0000,6.8100
13/01/2016,7.0000,6.8100
14/01/2016,6.9900,6.8000
15/01/2016,7.0000,6.8300
18/01/2016,7.0800,6.9100
19/01/2016,7.0900,6.9100
20/01/2016,7.1000,6.9200
21/01/2016,7.2200,6.9300
22/01/2016,7.2300,6.9100
25/01/2016,7.2300,6.8700
26/01/2016,7.2300,6.8600
27/01/2016,7.2400,6.8400
28/01/2016,7.2400,6.8300
29/01/2016,7.2600,6.8200
01/02/2016,7.2900,6.8300
02/02/2016,7.2700,6.7900
03/02/2016,7.2900,6.7900
04/02/2016,7.3000,6.7800
05/02/2016,6.8000,6.7800
10/02/2016,6.8400,6.7400
11/02/2016,6.8700,6.8200
12/02/2016,6.8600,6.8100
15/02/2016,6.8700,6.7900
16/02/2016,6.9600,6.8200
17/02/2016,6.9600,6.8100
18/02/2016,6.9600,6.7800
19/02/2016,6.9700,6.8300
22/02/2016,7.0000,6.7400
23/02/2016,6.9500,6.7200
24/02/2016,6.9900,6.7000
25/02/2016,6.9900,6.6800
26/02/2016,6.9900,6.6700
29/02/2016,7.0500,6.7700
01/03/2016,7.0600,6.7000
02/03/2016,7.0600,6.7000
03/03/2016,7.0600,6.7100
04/03/2016,7.0600,6.7000
07/03/2016,7.0600,6.6900
08/03/2016,7.0600,6.6700
09/03/2016,6.6200,6.5900
10/03/2016,6.6800,6.6700
11/03/2016,6.6500,6.6100
14/03/2016,6.7200,6.7100
15/03/2016,6.7200,6.7200
16/03/2016,6.7200,6.7000
17/03/2016,6.7400,6.6500
18/03/2016,6.6500,6.6000
21/03/2016,6.5800,6.6000
22/03/2016,6.5900,6.5300
23/03/2016,6.5700,6.5300
24/03/2016,6.5000,6.4800
28/03/2016,6.5000,6.4700
29/03/2016,6.5000,6.4700
30/03/2016,6.5000,6.4700
31/03/2016,6.5000,6.4700
01/04/2016,6.4900,6.4800
04/04/2016,6.4900,6.4700
05/04/2016,6.4900,6.4700
06/04/2016,6.4700,6.4600
07/04/2016,6.4700,6.4600
08/04/2016,6.4500,6.4300
11/04/2016,6.4400,6.4100
12/04/2016,6.4400,6.4200
13/04/2016,6.4400,6.4200
14/04/2016,6.4400,6.3900
15/04/2016,6.4000,6.3800
18/04/2016,6.4000,6.3900
19/04/2016,6.2200,6.2100
20/04/2016,6.2000,6.1800
22/04/2016,6.1900,6.2000
25/04/2016,6.1900,6.2100
26/04/2016,6.1900,6.2100
27/04/2016,6.1900,6.2200
28/04/2016,6.1800,6.2000
29/04/2016,6.1800,6.1900
02/05/2016,6.1800,6.1700
03/05/2016,6.1700,6.1600
04/05/2016,6.1700,6.1600
05/05/2016,6.1800,6.1800
06/05/2016,6.1700,6.1500
09/05/2016,6.1000,6.0800
10/05/2016,6.1200,6.1100
11/05/2016,6.1200,6.1100
12/05/2016,6.1200,6.0800
13/05/2016,6.1200,6.0900
16/05/2016,6.1200,6.0900
17/05/2016,6.1400,6.0800
18/05/2016,6.1300,6.0400
19/05/2016,6.1300,6.0200
20/05/2016,6.1500,6.0100
23/05/2016,6.1600,5.9800
24/05/2016,6.1700,5.9700
25/05/2016,6.1800,5.9700
27/05/2016,6.1800,5.9600
30/05/2016,6.1900,5.9300
31/05/2016,6.1900,5.9400
01/06/2016,6.2200,5.9500
02/06/2016,6.2200,5.9500
03/06/2016,6.2400,5.9400
06/06/2016,6.2400,5.9100
07/06/2016,6.2500,5.8900
08/06/2016,5.8900,5.8900
09/06/2016,5.9400,5.9300
10/06/2016,5.9100,5.9100
13/06/2016,5.9000,5.9000
14/06/2016,5.9200,5.9200
15/06/2016,5.9400,5.9400
16/06/2016,5.9700,5.9300
17/06/2016,5.9700,5.9300
20/06/2016,5.9800,5.9200
21/06/2016,5.9900,5.9800
22/06/2016,5.9900,5.9800
23/06/2016,5.9900,5.9800
24/06/2016,5.9900,5.9800
27/06/2016,5.9800,5.9500
28/06/2016,5.9600,5.9200
29/06/2016,5.9800,5.9100
30/06/2016,5.9600,5.8900
01/07/2016,5.9600,5.9000
04/07/2016,5.9200,5.8700
05/07/2016,5.9200,5.8600
06/07/2016,5.9200,5.8500
07/07/2016,5.9200,5.8500
08/07/2016,5.8400,5.8300
11/07/2016,5.8500,5.8100
12/07/2016,5.8500,5.8000
13/07/2016,5.8200,5.7400
14/07/2016,5.8300,5.7700
15/07/2016,5.7900,5.7000
18/07/2016,5.7900,5.7000
19/07/2016,5.7900,5.7100
20/07/2016,5.7300,5.6600
21/07/2016,5.7300,5.6600
22/07/2016,5.7200,5.6300
25/07/2016,5.7200,5.6000
26/07/2016,5.7200,5.5900
27/07/2016,5.7200,5.5900
28/07/2016,5.7100,5.5700
29/07/2016,5.6800,5.5500
01/08/2016,5.6600,5.5000
02/08/2016,5.6600,5.5000
03/08/2016,5.6600,5.4900
04/08/2016,5.6600,5.4800
05/08/2016,5.6600,5.4800
08/08/2016,5.6500,5.4500
09/08/2016,5.6400,5.3900
10/08/2016,5.4200,5.4200
11/08/2016,5.4200,5.4200
12/08/2016,5.4200,5.4200
15/08/2016,5.4100,5.3800
16/08/2016,5.4000,5.3800
17/08/2016,5.4000,5.3800
18/08/2016,5.3800,5.3600
19/08/2016,5.3700,5.3400
22/08/2016,5.4100,5.3400
23/08/2016,5.4300,5.3400
24/08/2016,5.4300,5.3300
25/08/2016,5.4300,5.3300
26/08/2016,5.4300,5.3200
29/08/2016,5.4300,5.2900
30/08/2016,5.4200,5.2800
31/08/2016,5.4200,5.2800
01/09/2016,5.4300,5.2800
02/09/2016,5.4300,5.2800
05/09/2016,5.4300,5.2600
06/09/2016,5.4300,5.2500
08/09/2016,5.4400,5.2400
09/09/2016,5.2400,5.2400
12/09/2016,5.2300,5.2300
13/09/2016,5.2300,5.2200
14/09/2016,5.2300,5.2200
15/09/2016,5.2200,5.2100
16/09/2016,5.2100,5.2000
19/09/2016,5.1700,5.1800
20/09/2016,5.1800,5.1800
21/09/2016,5.1200,5.1500
22/09/2016,5.1300,5.1300
23/09/2016,5.1300,5.1600
26/09/2016,5.1200,5.1700
27/09/2016,5.1200,5.1700
28/09/2016,5.1200,5.1700
29/09/2016,5.1000,5.1600
30/09/2016,5.0500,5.1500
03/10/2016,5.0200,5.1400
04/10/2016,5.0000,5.1300
05/10/2016,5.0000,5.1300
06/10/2016,5.0000,5.1300
07/10/2016,5.0800,5.0700
10/10/2016,5.0800,5.0800
11/10/2016,5.0900,5.0800
13/10/2016,5.0900,5.0900
14/10/2016,5.0400,5.0500
17/10/2016,5.0200,5.0400
18/10/2016,5.0000,5.0200
19/10/2016,5.0000,5.0200
20/10/2016,4.9100,4.9500
21/10/2016,4.9000,4.9500
24/10/2016,4.8600,4.9300
25/10/2016,4.8500,4.9400
26/10/2016,4.8500,4.9400
27/10/2016,4.8500,4.9400
28/10/2016,4.8500,4.9500
31/10/2016,4.8400,4.9500
01/11/2016,4.8400,4.9400
03/11/2016,4.8400,4.9500
04/11/2016,4.8400,4.9500
07/11/2016,4.8300,4.9600
08/11/2016,4.8300,4.9700
09/11/2016,4.9600,4.9500
10/11/2016,4.9700,4.9600
11/11/2016,4.9400,4.9300
14/11/2016,4.9500,4.9500
16/11/2016,4.9500,4.9500
17/11/2016,4.9300,4.9400
18/11/2016,4.9300,4.9400
21/11/2016,4.9000,4.9100
22/11/2016,4.8300,4.8900
23/11/2016,4.8300,4.8900
24/11/2016,4.8200,4.8900
25/11/2016,4.8100,4.8900
28/11/2016,4.8000,4.9000
29/11/2016,4.8000,4.9000
30/11/2016,4.7900,4.8900
01/12/2016,4.7900,4.8900
02/12/2016,4.7800,4.8900
05/12/2016,4.7700,4.8900
06/12/2016,4.7800,4.9000
07/12/2016,4.7800,4.9000
08/12/2016,4.7800,4.9100
09/12/2016,4.8800,4.8800
12/12/2016,4.8700,4.8700
13/12/2016,4.8700,4.8700
14/12/2016,4.8700,4.8700
15/12/2016,4.8600,4.8700
16/12/2016,4.8400,4.8700
19/12/2016,4.8400,4.8700
20/12/2016,4.7400,4.7900
21/12/2016,4.7300,4.7700
22/12/2016,4.7100,4.7600
23/12/2016,4.7000,4.7700
26/12/2016,4.7000,4.7800
27/12/2016,4.7000,4.7900
28/12/2016,4.7000,4.7900
29/12/2016,4.7000,4.7900
30/12/2016,4.7000,4.8000
02/01/2017,4.7000,4.8200
03/01/2017,4.7000,4.8300
04/01/2017,4.7000,4.8200
05/01/2017,4.6800,4.8200
06/01/2017,4.7000,4.8400
09/01/2017,4.7000,4.8200
10/01/2017,4.7000,4.8300
11/01/2017,4.8000,4.8600
12/01/2017,4.8000,4.8200
13/01/2017,4.8000,4.8000
16/01/2017,4.8000,4.8000
17/01/2017,4.7900,4.7900
18/01/2017,4.7200,4.7500
19/01/2017,4.7100,4.7400
20/01/2017,4.7100,4.7400
23/01/2017,4.7000,4.7500
24/01/2017,4.7000,4.7500
25/01/2017,4.7000,4.7500
26/01/2017,4.7000,4.7600
27/01/2017,4.7000,4.7600
30/01/2017,4.7000,4.7600
31/01/2017,4.6900,4.7500
01/02/2017,4.6900,4.7400
02/02/2017,4.6700,4.7100
03/02/2017,4.6400,4.7000
06/02/2017,4.6500,4.7100
07/02/2017,4.6500,4.7200
08/02/2017,4.7000,4.7100
09/02/2017,4.7000,4.7100
10/02/2017,4.7100,4.7100
13/02/2017,4.6900,4.6900
14/02/2017,4.6800,4.6700
15/02/2017,4.6400,4.6400
16/02/2017,4.6400,4.6400
17/02/2017,4.6100,4.6200
20/02/2017,4.5500,4.5900
21/02/2017,4.5200,4.5500
22/02/2017,4.5300,4.5500
23/02/2017,4.5300,4.5600
24/02/2017,4.5300,4.5500
01/03/2017,4.5300,4.5500
02/03/2017,4.5000,4.5500
03/03/2017,4.5000,4.5600
06/03/2017,4.4900,4.5500
07/03/2017,4.4900,4.5500
08/03/2017,4.4900,4.5500
09/03/2017,4.4900,4.5600
10/03/2017,4.5400,4.5400
13/03/2017,4.5400,4.5500
14/03/2017,4.5400,4.5500
15/03/2017,4.5400,4.5500
16/03/2017,4.5400,4.5600
17/03/2017,4.5400,4.5600
20/03/2017,4.5100,4.5500
21/03/2017,4.5000,4.5500
22/03/2017,4.5000,4.5600
23/03/2017,4.5000,4.5600
24/03/2017,4.4900,4.5500
27/03/2017,4.4900,4.5900
28/03/2017,4.4900,4.6000
29/03/2017,4.4800,4.5800
30/03/2017,4.4900,4.5900
31/03/2017,4.4700,4.5700
03/04/2017,4.4700,4.5900
04/04/2017,4.4700,4.5900
05/04/2017,4.4600,4.6000
06/04/2017,4.4600,4.6000
07/04/2017,4.6000,4.6000
10/04/2017,4.6000,4.5900
11/04/2017,4.6000,4.5900
12/04/2017,4.6000,4.6000
13/04/2017,4.5900,4.5900
17/04/2017,4.5800,4.6000
18/04/2017,4.5700,4.5900
19/04/2017,4.5300,4.5900
20/04/2017,4.5300,4.6000
24/04/2017,4.5300,4.6100
25/04/2017,4.5300,4.6100
26/04/2017,4.5000,4.6200
27/04/2017,4.5000,4.6300
28/04/2017,4.5000,4.6400
02/05/2017,4.5300,4.6900
03/05/2017,4.5400,4.7000
04/05/2017,4.5300,4.7000
05/05/2017,4.5300,4.7200
08/05/2017,4.5200,4.7200
09/05/2017,4.5000,4.7300
10/05/2017,4.7200,4.7100
11/05/2017,4.7200,4.7000
12/05/2017,4.7200,4.7000
15/05/2017,4.6900,4.6700
16/05/2017,4.6900,4.6700
17/05/2017,4.6900,4.6600
18/05/2017,4.6900,4.6500
19/05/2017,4.6900,4.6500
22/05/2017,4.7200,4.6500
23/05/2017,4.7200,4.6500
24/05/2017,4.7200,4.6400
25/05/2017,4.7200,4.6400
26/05/2017,4.7200,4.6200
29/05/2017,4.7000,4.5900
30/05/2017,4.6900,4.5800
31/05/2017,4.6700,4.5600
01/06/2017,4.6700,4.5600
02/06/2017,4.6500,4.5500
05/06/2017,4.6400,4.5200
06/06/2017,4.6200,4.5100
07/06/2017,4.6400,4.5100
08/06/2017,4.6300,4.5000
09/06/2017,4.4800,4.4900
12/06/2017,4.4600,4.4900
13/06/2017,4.4600,4.5000
14/06/2017,4.4600,4.4900
16/06/2017,4.4400,4.4800
19/06/2017,4.4300,4.4900
20/06/2017,4.4100,4.4700
21/06/2017,4.2700,4.4400
22/06/2017,4.1700,4.3800
23/06/2017,4.1500,4.3700
26/06/2017,4.1400,4.4000
27/06/2017,4.1400,4.4200
28/06/2017,4.1600,4.4500
29/06/2017,4.1400,4.4500
30/06/2017,4.1400,4.4600
03/07/2017,4.1300,4.4600
04/07/2017,4.1300,4.4700
05/07/2017,4.1400,4.4700
06/07/2017,4.1300,4.4700
07/07/2017,4.4800,4.4700
10/07/2017,4.4500,4.4500
11/07/2017,4.4100,4.4100
12/07/2017,4.4100,4.4200
13/07/2017,4.4000,4.3900
14/07/2017,4.3800,4.3700
17/07/2017,4.3700,4.3600
18/07/2017,4.3800,4.3600
19/07/2017,4.3400,4.3400
20/07/2017,4.3400,4.3500
21/07/2017,4.3800,4.4000
24/07/2017,4.3800,4.4000
25/07/2017,4.4300,4.4400
26/07/2017,4.4400,4.4400
27/07/2017,4.4400,4.4600
28/07/2017,4.4800,4.5200
31/07/2017,4.5300,4.5300
01/08/2017,4.5400,4.5300
02/08/2017,4.5400,4.5300
03/08/2017,4.5500,4.5400
04/08/2017,4.5500,4.5300
07/08/2017,4.5400,4.5200
08/08/2017,4.5400,4.5300
09/08/2017,4.5100,4.5100
10/08/2017,4.5200,4.5000
11/08/2017,4.5300,4.5000
14/08/2017,4.5600,4.4900
15/08/2017,4.5500,4.4700
16/08/2017,4.5600,4.4700
17/08/2017,4.5300,4.4400
18/08/2017,4.5400,4.4300
21/08/2017,4.5400,4.4100
22/08/2017,4.4800,4.3400
23/08/2017,4.4800,4.3300
24/08/2017,4.4800,4.3300
25/08/2017,4.4400,4.3000
28/08/2017,4.4400,4.2700
29/08/2017,4.4400,4.2400
30/08/2017,4.4200,4.2200
31/08/2017,4.4100,4.2000
01/09/2017,4.4100,4.1900
04/09/2017,4.3800,4.1700
05/09/2017,4.3900,4.1700
06/09/2017,4.1400,4.1500
08/09/2017,4.1400,4.1400
11/09/2017,4.1200,4.1300
12/09/2017,4.1000,4.1300
13/09/2017,4.0800,4.1100
14/09/2017,4.0800,4.0800
15/09/2017,4.0300,4.0700
18/09/2017,4.0100,4.0500
19/09/2017,3.9600,4.0500
20/09/2017,3.8600,3.9200
21/09/2017,3.8500,3.9300
22/09/2017,3.8400,3.9400
25/09/2017,3.8300,3.9500
26/09/2017,3.8300,3.9500
27/09/2017,3.8300,3.9600
28/09/2017,3.8300,3.9700
29/09/2017,3.8200,3.9700
02/10/2017,3.8300,4.0100
03/10/2017,3.8300,4.0100
04/10/2017,3.8300,4.0200
05/10/2017,3.8300,4.0200
06/10/2017,4.0100,4.0100
09/10/2017,4.0100,3.9900
10/10/2017,4.0200,4.0100
11/10/2017,4.0200,4.0100
13/10/2017,4.0200,4.0000
16/10/2017,4.0400,4.0200
17/10/2017,4.0900,4.0300
18/10/2017,4.0900,4.0300
19/10/2017,4.1100,4.0300
20/10/2017,4.1000,4.0100
23/10/2017,4.0800,4.0000
24/10/2017,4.0900,4.0000
25/10/2017,4.0900,4.0000
26/10/2017,4.0900,4.0000
27/10/2017,4.1000,4.0000
30/10/2017,4.1000,3.9900
31/10/2017,4.1400,4.0100
01/11/2017,4.1400,4.0100
03/11/2017,4.1400,4.0100
06/11/2017,4.1500,4.0300
07/11/2017,4.1500,4.0100
08/11/2017,4.1500,4.0200
09/11/2017,4.1600,4.0400
10/11/2017,4.0500,4.0400
13/11/2017,4.0500,4.0400
14/11/2017,4.0500,4.0300
16/11/2017,4.0500,4.0200
17/11/2017,4.0500,4.0200
20/11/2017,4.0600,4.0200
21/11/2017,4.0500,4.0200
22/11/2017,4.0200,3.9900
23/11/2017,4.0200,3.9900
24/11/2017,4.0200,3.9800
27/11/2017,4.0200,3.9800
28/11/2017,3.9900,3.9700
29/11/2017,3.9800,3.9600
30/11/2017,3.9800,3.9600
01/12/2017,3.9700,3.9600
04/12/2017,3.9700,3.9500
05/12/2017,3.9700,3.9500
06/12/2017,3.9500,3.9500
07/12/2017,3.9400,3.9500
08/12/2017,3.9100,3.9100
11/12/2017,3.8900,3.9000
12/12/2017,3.8800,3.9000
13/12/2017,3.8800,3.9000
14/12/2017,3.8800,3.9100
15/12/2017,3.8800,3.9100
18/12/2017,3.8700,3.9000
19/12/2017,3.8500,3.8900
20/12/2017,3.7800,3.8600
21/12/2017,3.7800,3.8600
22/12/2017,3.7800,3.8600
26/12/2017,3.7700,3.8900
27/12/2017,3.7700,3.9000
28/12/2017,3.7700,3.9000
29/12/2017,3.7700,3.9000
02/01/2018,3.7800,3.9400
03/01/2018,3.7800,3.9300
04/01/2018,3.7800,3.9400
05/01/2018,3.7700,3.9300
08/01/2018,3.7600,3.9400
09/01/2018,3.7500,3.9500
10/01/2018,3.9400,3.9700
11/01/2018,3.9400,3.9600
12/01/2018,3.9500,3.9800
15/01/2018,3.9500,3.9800
16/01/2018,3.9500,3.9800
17/01/2018,3.9500,3.9800
18/01/2018,3.9500,3.9900
19/01/2018,3.9500,4.0000
22/01/2018,3.9500,4.0000
23/01/2018,3.9500,4.0000
24/01/2018,3.9500,4.0000
25/01/2018,3.9500,4.0100
26/01/2018,3.9500,4.0100
29/01/2018,3.9500,4.0300
30/01/2018,3.9500,4.0400
31/01/2018,3.9500,4.0400
01/02/2018,3.9500,4.0400
02/02/2018,3.9400,4.0400
05/02/2018,3.9400,4.0400
06/02/2018,3.9400,4.0400
07/02/2018,3.9400,4.0400
08/02/2018,4.0300,4.0300
09/02/2018,4.0300,4.0300
14/02/2018,4.0300,4.0400
15/02/2018,4.0300,4.0400
16/02/2018,4.0300,4.0400
19/02/2018,4.0100,4.0400
20/02/2018,4.0100,4.0400
21/02/2018,4.0000,4.0400
22/02/2018,3.9400,4.0100
23/02/2018,3.9400,4.0100
26/02/2018,3.9400,4.0200
27/02/2018,3.9400,4.0200
28/02/2018,3.9300,4.0200
01/03/2018,3.9200,4.0200
02/03/2018,3.9100,4.0200
05/03/2018,3.8800,4.0300
06/03/2018,3.8800,4.0300
07/03/2018,3.8800,4.0300
08/03/2018,3.8700,3.9700
09/03/2018,3.9700,3.9800
12/03/2018,3.9700,3.9900
13/03/2018,3.9700,3.9800
14/03/2018,3.9700,3.9900
15/03/2018,3.9400,3.9700
16/03/2018,3.9300,3.9700
19/03/2018,3.9300,3.9900
20/03/2018,3.9300,3.9900
21/03/2018,3.9300,4.0000
22/03/2018,3.9100,3.9400
23/03/2018,3.9000,3.9400
26/03/2018,3.9000,3.9500
27/03/2018,3.8800,3.9600
28/03/2018,3.8600,3.9700
29/03/2018,3.8400,3.9500
02/04/2018,3.8300,3.9700
03/04/2018,3.8300,3.9800
04/04/2018,3.8300,3.9900
05/04/2018,3.8200,4.0000
06/04/2018,3.8200,4.0000
09/04/2018,3.8200,4.0200
10/04/2018,4.0300,4.0200
11/04/2018,4.0300,4.0200
12/04/2018,4.0300,4.0200
13/04/2018,4.0300,4.0200
16/04/2018,4.0300,4.0300
17/04/2018,4.0300,4.0300
18/04/2018,4.0400,4.0500
19/04/2018,4.0400,4.0600
20/04/2018,4.0400,4.0600
23/04/2018,4.0400,4.0700
24/04/2018,4.0400,4.0700
25/04/2018,4.0400,4.0700
26/04/2018,4.0400,4.0800
27/04/2018,4.0600,4.0800
30/04/2018,4.0700,4.1100
02/05/2018,4.0600,4.1200
03/05/2018,4.0700,4.1100
04/05/2018,4.0600,4.1200
07/05/2018,4.0600,4.1300
08/05/2018,4.0700,4.1400
09/05/2018,4.0700,4.1800
10/05/2018,4.2000,4.2000
11/05/2018,4.2100,4.2100
14/05/2018,4.2100,4.2100
15/05/2018,4.2100,4.2100
16/05/2018,4.2100,4.2100
17/05/2018,4.2100,4.2100
18/05/2018,4.2100,4.2100
21/05/2018,4.2800,4.2500
22/05/2018,4.3500,4.3200
23/05/2018,4.3400,4.3200
24/05/2018,4.3400,4.3200
25/05/2018,4.3500,4.3200
28/05/2018,4.3600,4.3300
29/05/2018,4.3600,4.3500
30/05/2018,4.3700,4.3700
01/06/2018,4.3800,4.3800
04/06/2018,4.3900,4.4100
05/06/2018,4.4000,4.4200
06/06/2018,4.4000,4.4200
07/06/2018,4.4500,4.4500
08/06/2018,4.5000,4.4900
11/06/2018,4.4900,4.4600
12/06/2018,4.5000,4.4500
13/06/2018,4.5100,4.4300
14/06/2018,4.5100,4.4000
15/06/2018,4.5100,4.3900
18/06/2018,4.5500,4.3300
19/06/2018,4.5900,4.3000
20/06/2018,4.6500,4.2700
21/06/2018,4.6500,4.2500
22/06/2018,4.6600,4.2200
25/06/2018,4.6700,4.1300
26/06/2018,4.6700,4.1200
27/06/2018,4.6700,4.0900
28/06/2018,4.6700,4.0600
29/06/2018,4.7000,4.0200
02/07/2018,4.7000,3.9100
03/07/2018,4.7200,3.8700
04/07/2018,4.7200,3.8300
05/07/2018,4.7200,3.8000
06/07/2018,3.8000,3.8000
09/07/2018,3.8000,3.7900
10/07/2018,3.8000,3.7800
11/07/2018,3.8100,3.7900
12/07/2018,3.8000,3.7800
13/07/2018,3.8000,3.7700
16/07/2018,3.7900,3.7600
17/07/2018,3.7900,3.7500
18/07/2018,3.7900,3.7400
19/07/2018,3.7300,3.7300
20/07/2018,3.7300,3.7000
23/07/2018,3.7300,3.6900
24/07/2018,3.7300,3.6900
25/07/2018,3.7300,3.6900
26/07/2018,3.7300,3.6800
27/07/2018,3.7300,3.6700
30/07/2018,3.7300,3.6700
31/07/2018,3.7200,3.6700
01/08/2018,3.7200,3.6700
02/08/2018,3.7200,3.6600
03/08/2018,3.7100,3.6600
06/08/2018,3.7100,3.6400
07/08/2018,3.7100,3.6500
08/08/2018,3.6500,3.6500
09/08/2018,3.6500,3.6600
10/08/2018,3.6500,3.6600
13/08/2018,3.6600,3.6700
14/08/2018,3.6600,3.6700
15/08/2018,3.6600,3.6700
16/08/2018,3.6400,3.6700
17/08/2018,3.6400,3.6700
20/08/2018,3.6100,3.6700
21/08/2018,3.5700,3.6600
22/08/2018,3.6500,3.7300
23/08/2018,3.6400,3.7000
24/08/2018,3.6400,3.7000
27/08/2018,3.6400,3.7200
28/08/2018,3.6400,3.7200
29/08/2018,3.6400,3.7200
30/08/2018,3.6400,3.7200
31/08/2018,3.6300,3.7500
03/09/2018,3.6400,3.7900
04/09/2018,3.6600,3.8200
05/09/2018,3.6600,3.8300
06/09/2018,3.8800,3.8900
10/09/2018,3.8900,3.8900
11/09/2018,3.8900,3.8900
12/09/2018,3.8900,3.9000
13/09/2018,3.8900,3.9000
14/09/2018,3.8900,3.9000
17/09/2018,3.9000,3.9000
18/09/2018,3.9300,3.9400
19/09/2018,3.9500,3.9500
20/09/2018,4.0600,4.0500
21/09/2018,4.0600,4.0400
24/09/2018,4.0800,4.0300
25/09/2018,4.0900,4.0300
26/09/2018,4.1000,4.0200
27/09/2018,4.1000,4.0100
28/09/2018,4.1000,4.0100
01/10/2018,4.0900,4.0100
02/10/2018,4.0900,4.0100
03/10/2018,4.1600,4.0100
04/10/2018,4.1600,4.0100
05/10/2018,4.0300,4.0400
08/10/2018,4.0300,4.0300
09/10/2018,4.0300,4.0300
10/10/2018,4.0300,4.0200
11/10/2018,4.0500,4.0300
15/10/2018,4.0500,4.0300
16/10/2018,4.0500,4.0300
17/10/2018,4.0500,4.0100
18/10/2018,4.0700,4.0100
19/10/2018,4.0800,4.0200
22/10/2018,4.0700,3.9800
23/10/2018,4.0500,3.9600
24/10/2018,4.0600,3.9500
25/10/2018,4.0700,3.9500
26/10/2018,4.0500,3.9300
29/10/2018,4.0500,3.9200
30/10/2018,4.0200,3.9000
31/10/2018,4.0200,3.9100
01/11/2018,4.0200,3.9100
05/11/2018,4.0200,3.8600
06/11/2018,4.0100,3.8500
07/11/2018,3.8000,3.8100
08/11/2018,3.7900,3.8100
09/11/2018,3.7700,3.8000
12/11/2018,3.7600,3.8200
13/11/2018,3.7500,3.8100
14/11/2018,3.7300,3.7800
16/11/2018,3.7200,3.7800
19/11/2018,3.6300,3.7800
20/11/2018,3.6100,3.7600
21/11/2018,3.5600,3.7600
22/11/2018,3.4900,3.7000
23/11/2018,3.4400,3.6700
26/11/2018,3.4200,3.6900
27/11/2018,3.4200,3.7000
28/11/2018,3.4000,3.7100
29/11/2018,3.4000,3.7000
30/11/2018,3.3900,3.7300
03/12/2018,3.3800,3.7600
04/12/2018,3.3700,3.7700
05/12/2018,3.3600,3.7700
06/12/2018,3.3600,3.7600
07/12/2018,3.7600,3.7700
10/12/2018,3.7600,3.7900
11/12/2018,3.7600,3.8000
12/12/2018,3.7400,3.8000
13/12/2018,3.7400,3.8100
14/12/2018,3.7300,3.8000
17/12/2018,3.7100,3.8200
18/12/2018,3.7100,3.8200
19/12/2018,3.7100,3.8300
20/12/2018,3.6900,3.8200
21/12/2018,3.6800,3.8300
24/12/2018,3.6700,3.8500
26/12/2018,3.6700,3.8700
27/12/2018,3.6700,3.8600
28/12/2018,3.6500,3.8700
31/12/2018,3.6500,3.9000
